Player,Team,Age,G,GS,CG,SHO,IP,H,ER,K,BB,HR,W,L,SV,BS,HLD,ERA,WHIP
Logan Gilbert,SEA,27,33,33,1,0,208.2,148,75,220,37,26,9,12,0,0,0,3.23,0.89
Seth Lugo,KC,35,33,33,1,0,206.2,177,69,181,48,16,16,9,0,0,0,3.00,1.09
Logan Webb,SF,28,33,33,1,1,204.2,202,79,172,50,11,13,10,0,0,0,3.47,1.23
Zack Wheeler,PHI,34,32,32,0,0,200.0,139,57,224,52,20,16,7,0,0,0,2.57,0.95
Aaron Nola,PHI,31,33,33,1,1,199.1,189,79,197,50,30,14,8,0,0,0,3.57,1.20
Corbin Burnes,BAL,30,32,32,0,0,194.1,165,63,181,48,22,15,9,0,0,0,2.92,1.10
Jose Berrios,TOR,30,32,32,1,0,192.1,168,77,153,54,31,16,11,0,0,0,3.60,1.15
Tarik Skubal,DET,28,31,31,0,0,192.0,142,51,228,35,15,18,4,0,0,0,2.39,0.92
George Kirby,SEA,27,33,33,0,0,191.0,181,75,179,23,22,14,11,0,0,0,3.53,1.07
Dylan Cease,SD,29,33,33,1,1,189.1,137,73,224,65,18,14,11,0,0,0,3.47,1.07
Jake Irvin,WSH,28,33,33,0,0,187.2,173,92,156,52,29,10,14,0,0,0,4.41,1.20
Cole Ragans,KC,27,32,32,1,0,186.1,146,65,223,67,15,11,9,0,0,0,3.14,1.14
Pablo Lopez,MIN,28,32,32,0,0,185.1,180,84,198,41,26,15,10,0,0,0,4.08,1.19
Kutter Crawford,BOS,28,33,33,0,0,183.2,155,89,175,51,34,9,16,0,0,0,4.36,1.12
Luis Severino,NYM,31,31,31,1,1,182.0,166,79,161,60,23,11,7,0,0,0,3.91,1.24
Sean Manaea,NYM,33,32,32,0,0,181.2,134,70,184,63,21,12,6,0,0,0,3.47,1.08
Cristopher Sanchez,PHI,28,31,31,2,1,181.2,182,67,153,44,11,11,9,0,0,0,3.32,1.24
Brandon Pfaadt,ARI,26,32,32,0,0,181.2,183,95,185,42,24,11,10,0,0,0,4.71,1.24
Kevin Gausman,TOR,34,31,31,2,1,181.0,165,77,162,56,20,14,11,0,0,0,3.83,1.22
JP Sears,OAK,29,32,32,0,0,180.2,172,88,137,49,28,11,13,0,0,0,4.38,1.22
Bryce Miller,SEA,26,31,31,0,0,180.1,131,59,171,45,21,12,8,0,0,0,2.94,0.98
Brady Singer,KC,28,32,32,0,0,179.2,175,74,170,54,22,9,13,0,0,0,3.71,1.27
Tyler Anderson,LAA,35,31,31,0,0,179.1,158,76,142,73,24,10,15,0,0,0,3.81,1.29
Bailey Ober,MIN,29,31,31,1,0,178.2,136,79,191,43,27,12,9,0,0,0,3.98,1.00
Tanner Houck,BOS,28,30,30,1,1,178.2,156,62,154,48,11,9,10,0,0,0,3.12,1.14
Mitch Keller,PIT,28,31,31,1,0,178.0,182,84,166,50,23,11,12,0,0,0,4.25,1.30
Chris Sale,ATL,35,29,29,0,0,177.2,141,47,225,39,9,18,3,0,0,0,2.38,1.01
Framber Valdez,HOU,31,28,28,1,0,176.1,140,57,169,55,13,15,7,0,0,0,2.91,1.11
Luis Castillo,SEA,32,30,30,0,0,175.1,158,71,175,47,25,11,12,0,0,0,3.64,1.17
Carlos Rodon,NYY,32,32,32,0,0,175.0,157,77,195,57,31,16,9,0,0,0,3.96,1.22
Patrick Corbin,WSH,35,32,32,0,0,174.2,208,109,139,54,25,6,13,0,0,0,5.62,1.50
Max Fried,ATL,31,29,29,2,1,174.1,146,63,166,57,13,11,10,0,0,0,3.25,1.16
Nestor Cortes,NYY,30,31,30,0,0,174.1,162,73,162,39,24,9,10,0,0,0,3.77,1.15
Michael King,SD,29,31,30,0,0,173.2,144,57,201,63,17,13,9,0,0,0,2.95,1.19
Freddy Peralta,MIL,28,32,32,0,0,173.2,143,71,200,68,26,11,9,0,0,0,3.68,1.21
Tanner Bibee,CLE,26,31,31,0,0,173.2,150,67,187,44,22,12,8,0,0,0,3.47,1.12
Shota Imanaga,CHC,31,29,29,0,0,173.1,149,56,174,28,27,15,3,0,0,0,2.91,1.02
Miles Mikolas,STL,36,32,32,0,0,171.2,194,102,122,25,26,10,11,0,0,0,5.35,1.28
Griffin Canning,LAA,28,32,31,0,0,171.2,174,99,130,66,31,6,13,0,0,0,5.19,1.40
Chris Bassitt,TOR,36,31,31,0,0,171.0,180,79,168,70,18,10,14,0,0,0,4.16,1.46
Nathan Eovaldi,TEX,35,29,29,0,0,170.2,147,72,166,42,23,12,8,0,0,0,3.80,1.11
Jose Quintana,NYM,36,31,31,0,0,170.1,150,71,135,63,22,10,10,0,0,0,3.75,1.25
Hunter Brown,HOU,26,31,30,0,0,170.0,156,66,179,60,18,11,9,0,0,0,3.49,1.27
Kyle Gibson,STL,37,30,30,0,0,169.2,161,80,151,68,23,8,8,0,0,0,4.24,1.35
Colin Rea,MIL,34,32,27,0,0,167.2,169,80,135,43,29,12,6,1,0,1,4.29,1.26
Ronel Blanco,HOU,31,30,29,1,1,167.1,114,52,166,68,22,13,6,0,0,0,2.80,1.09
Michael Wacha,KC,33,29,29,0,0,166.2,154,62,145,45,17,13,8,0,0,0,3.35,1.19
Sonny Gray,STL,35,28,28,0,0,166.1,142,71,203,39,21,13,9,0,0,0,3.84,1.09
MacKenzie Gore,WSH,26,32,32,0,0,166.1,171,72,181,65,15,10,12,0,0,0,3.90,1.42
Jameson Taillon,CHC,33,28,28,0,0,165.1,154,60,125,33,21,12,8,0,0,0,3.27,1.13
Charlie Morton,ATL,41,30,30,0,0,165.1,154,77,167,65,23,8,10,0,0,0,4.19,1.32
Austin Gomber,COL,31,30,30,0,0,165.0,178,87,116,38,30,5,12,0,0,0,4.75,1.31
Brayan Bello,BOS,25,30,30,0,0,162.1,157,81,153,64,19,14,8,0,0,0,4.49,1.36
Ryan Feltner,COL,28,30,30,0,0,162.1,165,81,138,52,20,3,10,0,0,0,4.49,1.34
Chris Flexen,CWS,30,33,30,0,0,160.0,180,88,123,63,24,3,15,0,0,0,4.95,1.52
Andrew Heaney,TEX,33,32,31,0,0,160.0,159,76,159,41,23,5,14,0,0,0,4.28,1.25
Zack Littell,TB,29,29,29,0,0,156.1,164,63,141,31,22,8,10,0,0,0,3.63,1.25
Marcus Stroman,NYY,33,30,29,0,0,154.2,167,74,113,60,19,10,9,1,0,0,4.31,1.47
Luis Gil,NYY,26,29,29,0,0,151.2,104,59,171,77,18,15,7,0,0,0,3.50,1.19
Mitch Spence,OAK,26,35,24,0,0,151.1,165,77,126,44,20,8,10,0,0,1,4.58,1.38
Mitchell Parker,WSH,25,29,29,0,0,151.0,154,72,133,43,18,7,10,0,0,0,4.29,1.30
Ben Lively,CLE,33,29,29,0,0,151.0,139,64,118,49,23,13,10,0,0,0,3.81,1.25
Ranger Suarez,PHI,29,27,27,1,1,150.2,140,58,145,41,14,12,8,0,0,0,3.46,1.20
Ryne Nelson,ARI,27,28,25,0,0,150.2,155,71,126,34,17,10,6,1,0,0,4.24,1.25
Hunter Greene,CIN,25,26,26,0,0,150.1,96,46,169,57,12,9,5,0,0,0,2.75,1.02
Cal Quantrill,COL,30,29,29,0,0,148.1,156,82,110,69,23,8,11,0,0,0,4.98,1.52
Zac Gallen,ARI,29,28,28,0,0,148.0,133,60,156,54,13,14,6,0,0,0,3.65,1.26
Javier Assad,CHC,27,29,29,0,0,147.0,143,61,124,63,20,7,6,0,0,0,3.73,1.40
Matt Waldron,SD,28,27,26,0,0,146.2,145,80,133,40,21,7,11,0,0,0,4.91,1.26
Garrett Crochet,CWS,25,32,32,0,0,146.0,123,58,209,33,18,6,12,0,0,0,3.58,1.07
Nick Pivetta,BOS,32,27,26,0,0,145.2,128,67,172,36,28,6,12,0,0,0,4.14,1.13
Spencer Arrighetti,HOU,25,29,28,0,0,145.0,139,73,171,65,21,7,13,0,0,0,4.53,1.41
Nick Martinez,CIN,34,42,16,1,0,142.1,128,49,116,18,13,10,7,0,0,6,3.10,1.03
Bailey Falter,PIT,27,28,28,0,0,142.1,138,70,97,45,17,8,9,0,0,0,4.43,1.29
Gavin Stone,LAD,26,25,25,1,1,140.1,133,55,116,37,18,11,5,0,0,0,3.53,1.21
Andrew Abbott,CIN,25,25,25,0,0,138.0,127,57,114,52,25,10,10,0,0,0,3.72,1.30
Tobias Myers,MIL,26,27,25,0,0,138.0,126,46,127,36,18,9,6,0,0,0,3.00,1.17
Taj Bradley,TB,23,25,25,0,0,138.0,122,63,154,47,22,8,11,0,0,0,4.11,1.22
Reynaldo Lopez,ATL,31,26,25,0,0,135.2,108,30,148,42,10,8,5,0,0,1,1.99,1.11
Luis L. Ortiz,PIT,26,37,15,0,0,135.2,109,50,107,42,16,7,6,1,2,1,3.32,1.11
Joe Ryan,MIN,28,23,23,0,0,135.0,110,54,147,23,19,7,7,0,0,0,3.60,0.99
Justin Steele,CHC,29,24,24,1,0,134.2,111,46,135,37,12,5,5,0,0,0,3.07,1.10
Tyler Glasnow,LAD,31,22,22,0,0,134.0,92,52,168,35,15,9,6,0,0,0,3.49,0.95
Albert Suarez,BAL,35,32,24,0,0,133.2,130,55,108,43,17,9,7,0,1,1,3.70,1.29
Simeon Woods Richardson,MIN,24,28,28,0,0,133.2,125,62,117,48,16,5,5,0,0,0,4.17,1.29
Paul Skenes,PIT,22,23,23,0,0,133.0,94,29,170,32,10,11,3,0,0,0,1.96,0.95
Kyle Hendricks,CHC,35,29,24,0,0,130.2,147,86,87,43,21,4,12,0,0,0,5.92,1.45
Ryan Pepiot,TB,27,26,26,0,0,130.0,102,52,142,48,17,8,8,0,0,0,3.60,1.15
Dean Kremer,BAL,29,24,24,0,0,129.2,110,59,123,51,18,8,10,0,0,0,4.10,1.24
Alec Marsh,KC,26,26,25,0,0,129.0,123,65,123,39,19,9,9,0,0,0,4.53,1.26
Joey Estes,OAK,23,25,24,1,1,127.2,130,71,92,27,23,7,9,0,0,1,5.01,1.23
Kyle Harrison,SF,23,24,24,0,0,124.1,125,63,118,42,18,7,7,0,0,0,4.56,1.34
Jonathan Cannon,CWS,24,23,21,0,0,124.1,125,62,91,40,18,5,10,1,0,0,4.49,1.33
Spencer Schwellenbach,ATL,24,21,21,0,0,123.2,106,46,127,23,14,8,7,0,0,0,3.35,1.04
Jared Jones,PIT,23,22,22,0,0,121.2,106,56,132,39,18,6,8,0,0,0,4.14,1.19
Erick Fedde,CWS,32,21,21,0,0,121.2,105,42,108,34,14,7,4,0,0,0,3.11,1.14
Andre Pallante,STL,26,29,20,0,0,121.1,110,51,94,48,8,8,8,0,0,1,3.78,1.30
Bryan Woo,SEA,25,22,22,0,0,121.1,96,39,101,13,14,9,3,0,0,0,2.89,0.90
David Peterson,NYM,29,21,21,0,0,121.0,110,39,101,46,8,10,3,0,0,0,2.90,1.29
Lance Lynn,STL,37,23,23,0,0,117.1,113,50,109,44,16,7,4,0,0,0,3.84,1.34
Jordan Montgomery,ARI,32,25,21,0,0,117.0,149,81,83,44,14,8,7,1,0,0,6.23,1.65
Grayson Rodriguez,BAL,25,20,20,0,0,116.2,109,50,130,36,15,13,4,0,0,0,3.86,1.24
Yusei Kikuchi,TOR,33,22,22,0,0,115.2,125,61,130,30,17,4,9,0,0,0,4.75,1.34
Nick Lodolo,CIN,27,21,21,0,0,115.1,101,61,122,37,13,9,6,0,0,0,4.76,1.20
Kyle Freeland,COL,31,21,21,0,0,113.1,134,66,85,26,22,5,8,0,0,0,5.24,1.41
Jose Soriano,LAA,26,22,20,0,0,113.0,91,43,97,45,8,6,7,0,0,1,3.42,1.20
Kenta Maeda,DET,36,29,17,0,0,112.1,124,76,96,31,22,3,7,0,0,0,6.09,1.38
Reese Olson,DET,25,22,22,0,0,112.1,100,44,101,33,7,4,8,0,0,0,3.53,1.18
Zach Eflin,TB,30,19,19,0,0,110.0,115,50,87,13,14,5,7,0,0,0,4.09,1.16
Jordan Hicks,SF,28,29,20,0,0,109.2,112,50,96,47,12,4,7,1,0,2,4.10,1.45
Jose Urena,TEX,33,33,9,0,0,109.0,105,46,70,39,13,5,8,1,0,1,3.80,1.32
Tyler Alexander,TB,30,23,9,0,0,107.2,110,61,90,24,23,6,5,0,0,0,5.10,1.24
Cole Irvin,BAL,31,25,16,0,0,107.1,126,58,76,25,17,6,5,1,0,1,4.86,1.41
Jack Flaherty,DET,29,18,18,0,0,106.2,83,35,133,19,15,7,5,0,0,0,2.95,0.96
Trevor Rogers,MIA,27,21,21,0,0,105.1,115,53,85,46,12,2,9,0,0,0,4.53,1.53
Bryse Wilson,MIL,27,34,9,0,0,104.2,102,47,82,31,20,5,4,0,0,0,4.04,1.27
Blake Snell,SF,32,20,20,1,1,104.0,65,36,145,44,6,5,3,0,0,0,3.12,1.05
Bowden Francis,TOR,28,27,13,0,0,103.2,74,38,92,22,17,8,5,0,0,0,3.30,0.93
Carlos Carrasco,CLE,37,21,21,0,0,103.2,112,65,89,33,19,3,10,0,0,0,5.64,1.40
Jon Gray,TEX,33,23,19,0,0,102.2,107,51,86,28,11,5,6,0,0,0,4.47,1.31
Casey Mize,DET,27,22,20,0,0,102.1,121,51,78,29,11,2,6,0,0,0,4.49,1.47
Michael Lorenzen,TEX,33,19,18,0,0,101.2,82,43,75,48,15,5,6,0,0,0,3.81,1.28
Joe Musgrove,SD,32,19,19,0,0,99.2,94,43,101,23,14,6,5,0,0,0,3.88,1.17
Cooper Criswell,BOS,28,26,18,0,0,99.1,103,45,73,31,10,6,5,0,0,0,4.08,1.35
Keider Montero,DET,24,19,16,1,1,98.1,100,52,77,31,19,6,6,0,0,0,4.76,1.33
Randy Vasquez,SD,26,20,20,0,0,98.0,119,53,62,29,13,4,7,0,0,0,4.87,1.51
Logan Allen,CLE,26,20,20,0,0,97.1,113,62,79,41,22,8,5,0,0,0,5.73,1.58
Edward Cabrera,MIA,26,20,20,0,0,96.1,82,53,107,50,15,4,8,0,0,0,4.95,1.37
Gerrit Cole,NYY,34,17,17,0,0,95.0,78,36,99,29,11,8,5,0,0,0,3.41,1.13
Dane Dunning,TEX,30,26,15,0,0,95.0,97,56,91,40,18,5,7,0,0,0,5.31,1.44
Tyler Holton,DET,28,66,9,0,0,94.1,57,23,77,17,7,7,2,8,0,14,2.19,0.78
Frankie Montas,CIN,31,19,19,0,0,93.1,93,52,78,41,14,4,8,0,0,0,5.01,1.44
Carson Spiers,CIN,27,22,10,0,0,90.2,112,55,80,27,20,5,7,0,0,0,5.46,1.53
Justin Verlander,HOU,42,17,17,0,0,90.1,98,55,74,27,15,5,6,0,0,0,5.48,1.38
Yoshinobu Yamamoto,LAD,26,18,18,0,0,90.0,78,30,105,22,7,7,2,0,0,0,3.00,1.11
Derek Law,WSH,34,75,0,0,0,90.0,82,26,76,24,7,7,4,1,4,17,2.60,1.18
James Paxton,LAD,36,18,18,0,0,89.1,82,44,64,48,11,8,2,0,0,0,4.43,1.46
Dakota Hudson,COL,30,18,18,0,0,89.0,99,61,49,50,11,2,12,0,0,0,6.17,1.67
DJ Herz,WSH,24,19,19,0,0,88.2,76,41,106,36,11,4,9,0,0,0,4.16,1.26
Chris Paddack,MIN,29,17,17,0,0,88.1,102,49,79,21,14,5,3,0,0,0,4.99,1.39
Reid Detmers,LAA,25,17,17,0,0,87.1,98,65,109,38,18,4,9,0,0,0,6.70,1.56
Aaron Civale,TB,29,17,17,0,0,87.0,93,49,84,27,16,2,6,0,0,0,5.07,1.38
Ryan Weathers,MIA,25,16,16,0,0,86.2,78,35,80,24,11,5,6,0,0,0,3.63,1.18
Carson Fulmer,LAA,31,37,8,0,0,86.2,81,40,81,40,11,0,5,0,1,0,4.15,1.40
Yariel Rodriguez,TOR,27,21,21,0,0,86.2,74,43,85,40,11,1,8,0,0,0,4.47,1.32
Matthew Liberatore,STL,25,60,6,0,0,86.0,81,42,76,28,11,3,4,0,2,7,4.40,1.27
Clarke Schmidt,NYY,29,16,16,0,0,85.1,71,27,93,30,8,5,5,0,0,0,2.85,1.18
Ross Stripling,OAK,35,22,14,0,0,85.1,109,57,49,22,7,2,11,0,0,1,6.01,1.54
Luke Weaver,NYY,31,62,0,0,0,84.0,52,27,103,26,10,7,3,4,0,23,2.89,0.93
Taijuan Walker,PHI,32,19,15,0,0,83.2,107,66,58,37,24,3,7,0,0,0,7.10,1.72
Martin Perez,PIT,33,16,16,0,0,83.0,105,48,63,32,13,2,5,0,0,0,5.20,1.65
Roddery Munoz,MIA,24,18,17,0,0,82.2,89,60,70,42,26,2,7,0,0,0,6.53,1.58
Yu Darvish,SD,38,16,16,0,0,81.2,65,30,78,22,12,7,3,0,0,0,3.31,1.07
Sean Hjelle,SF,27,58,0,0,0,80.2,84,35,75,14,10,3,4,0,0,7,3.90,1.21
Ryan Walker,SF,29,76,1,0,0,80.0,50,17,99,18,5,10,4,10,4,22,1.91,0.85
Cade Povich,BAL,24,16,16,0,0,79.2,80,46,69,34,12,3,9,0,0,0,5.20,1.43
Patrick Sandoval,LAA,28,16,16,0,0,79.2,85,45,81,35,8,2,8,0,0,0,5.08,1.51
Michael Soroka,CWS,27,25,9,0,0,79.2,66,42,84,44,13,0,10,0,1,2,4.74,1.38
Shane Baz,TB,25,14,14,0,0,79.1,57,27,69,27,9,4,3,0,0,0,3.06,1.06
Keegan Akin,BAL,29,66,0,0,0,78.2,55,29,97,19,9,3,1,1,3,6,3.32,0.94
Bryan Abreu,HOU,27,78,0,0,0,78.1,59,27,103,32,9,3,3,1,7,38,3.10,1.16
Tylor Megill,NYM,29,16,15,0,0,78.0,70,35,91,32,8,4,5,0,0,0,4.04,1.31
Graham Ashcraft,CIN,27,15,15,0,0,77.1,89,45,57,27,11,5,5,0,0,0,5.24,1.50
Slade Cecconi,ARI,25,20,13,0,0,77.0,92,57,64,17,16,2,7,0,0,0,6.66,1.42
Cody Bradford,TEX,27,14,13,0,0,76.1,64,30,70,13,10,6,3,0,0,0,3.54,1.01
Gavin Williams,CLE,25,16,16,0,0,76.0,72,41,79,32,7,3,10,0,0,0,4.86,1.37
Josh Winckowski,BOS,26,40,6,0,0,76.0,81,35,60,26,10,4,2,2,1,5,4.14,1.41
Triston McKenzie,CLE,27,16,16,0,0,75.2,69,43,74,49,19,3,5,0,0,0,5.11,1.56
Walker Buehler,LAD,30,16,16,0,0,75.1,89,45,64,28,16,1,6,0,0,0,5.38,1.55
Cade Smith,CLE,25,74,0,0,0,75.1,51,16,103,17,1,6,1,1,2,26,1.91,0.90
Pedro Avila,CLE,28,50,0,0,0,74.2,68,27,73,30,7,5,1,1,0,2,3.25,1.31
Hunter Gaddis,CLE,26,78,0,0,0,74.2,43,13,66,14,4,6,3,0,5,34,1.57,0.76
Emmanuel Clase,CLE,26,74,0,0,0,74.1,39,5,66,10,2,4,2,47,3,0,0.61,0.66
Aaron Civale,MIL,29,14,14,0,0,74.0,65,29,65,25,13,6,3,0,0,0,3.53,1.22
Joe Ross,MIL,31,25,10,0,0,74.0,72,31,66,29,7,3,6,0,0,0,3.77,1.36
Jose Butto,NYM,26,30,7,0,0,74.0,41,21,79,38,6,7,3,3,3,4,2.55,1.07
Victor Vodnik,COL,25,64,0,0,0,73.2,72,35,65,37,7,5,4,9,6,7,4.28,1.48
Merrill Kelly,ARI,36,13,13,0,0,73.2,67,33,63,19,11,5,1,0,0,0,4.03,1.17
Hunter Strickland,LAA,36,72,0,0,0,73.1,56,27,57,24,10,3,2,1,3,12,3.31,1.09
Jared Shuster,CWS,26,39,4,0,0,73.1,74,35,56,33,9,2,5,0,2,3,4.30,1.46
Justin Martinez,ARI,23,64,0,0,0,72.2,59,20,91,36,2,5,6,8,2,7,2.48,1.31
Trent Thornton,SEA,31,71,0,0,0,72.1,63,29,77,19,8,4,3,1,0,10,3.61,1.13
Hogan Harris,OAK,28,21,9,0,0,72.1,65,23,61,33,7,4,4,0,0,0,2.86,1.35
Hayden Birdsong,SF,23,16,16,0,0,72.0,57,38,88,43,11,5,6,0,0,0,4.75,1.39
David Robertson,TEX,39,68,0,0,0,72.0,53,24,99,27,5,3,4,2,8,35,3.00,1.11
Cole Sands,MIN,27,62,0,0,0,71.1,59,26,85,12,6,9,1,4,3,6,3.28,1.00
Ty Blach,COL,34,20,12,0,0,71.1,103,55,36,18,17,3,8,0,1,0,6.94,1.70
Buck Farmer,CIN,34,61,1,0,0,71.0,56,24,70,29,7,3,2,1,1,1,3.04,1.20
Josh Hader,HOU,30,71,0,0,0,71.0,43,30,105,25,12,8,8,34,4,0,3.80,0.96
Griffin Jax,MIN,30,72,0,0,0,71.0,47,16,95,15,4,5,5,10,6,24,2.03,0.87
Andrew Kittredge,STL,34,74,0,0,0,70.2,60,22,67,20,10,5,5,1,7,37,2.80,1.13
Kevin Kelly,TB,27,68,0,0,0,70.2,59,21,63,9,7,5,2,1,3,17,2.67,0.96
Tyler Rogers,SF,34,77,0,0,0,70.1,67,22,51,6,7,3,4,1,2,33,2.82,1.04
Will Vest,DET,29,69,0,0,0,70.1,61,22,63,18,3,3,4,2,6,14,2.82,1.12
Declan Cronin,MIA,27,56,0,0,0,70.1,75,34,72,25,1,3,4,0,1,8,4.35,1.42
Kevin Ginkel,ARI,30,72,0,0,0,70.0,69,25,77,15,6,8,3,5,6,18,3.21,1.20
Adrian Houser,NYM,32,23,7,0,0,69.1,74,45,45,32,8,1,5,1,0,1,5.84,1.53
Raisel Iglesias,ATL,35,66,0,0,0,69.1,38,15,68,13,4,6,2,34,4,0,1.95,0.74
Landon Knack,LAD,27,15,12,0,0,69.0,58,28,69,18,14,3,5,1,0,0,3.65,1.10
Valente Bellozo,MIA,25,13,13,0,0,68.2,69,28,44,21,15,3,4,0,0,0,3.67,1.31
Joe Jimenez,ATL,30,69,0,0,0,68.2,45,20,82,23,2,1,5,3,3,27,2.62,0.99
Tayler Scott,HOU,32,62,1,0,0,68.2,45,17,71,35,7,7,3,0,3,10,2.23,1.17
Grant Holmes,ATL,28,26,7,0,0,68.1,66,27,70,15,7,2,1,0,1,1,3.56,1.19
Hayden Wesneski,CHC,27,28,7,0,0,67.2,56,29,67,21,12,3,6,0,1,2,3.86,1.14
Beau Brieske,DET,26,46,12,0,0,67.2,55,27,69,30,5,4,5,1,1,6,3.59,1.26
Erik Miller,SF,27,73,10,0,0,67.1,50,29,87,38,7,4,5,0,3,14,3.88,1.31
Ryan Yarbrough,LAD,33,32,0,0,0,67.1,52,28,39,25,9,4,2,1,2,1,3.74,1.14
Jose Leclerc,TEX,31,64,0,0,0,66.2,56,32,89,32,7,6,5,1,3,13,4.32,1.32
Jesus Luzardo,MIA,27,12,12,0,0,66.2,61,37,58,22,9,3,6,0,0,0,5.00,1.25
Fernando Cruz,CIN,34,69,3,0,0,66.2,54,36,109,35,9,3,8,0,3,23,4.86,1.34
Trevor Williams,WSH,32,13,13,0,0,66.2,51,15,59,18,3,6,1,0,0,0,2.03,1.04
Ryan Fernandez,STL,26,62,0,0,0,66.2,58,26,71,32,4,1,6,2,3,12,3.51,1.35
Alex Vesia,LAD,28,67,0,0,0,66.1,33,13,87,33,7,5,4,5,2,14,1.76,0.99
Ryan Thompson,ARI,32,67,0,0,0,66.1,64,24,52,15,5,7,5,2,7,24,3.26,1.19
Jeff Hoffman,PHI,32,68,0,0,0,66.1,48,16,89,16,6,3,3,10,3,21,2.17,0.96
Ryan Helsley,STL,30,65,0,0,0,66.1,50,15,79,23,3,7,4,49,4,0,2.04,1.10
Jacob Barnes,WSH,34,63,0,0,0,66.0,67,32,55,20,10,8,3,0,3,2,4.36,1.32
Brent Suter,CIN,35,47,3,0,0,65.2,63,23,50,12,10,1,0,2,0,2,3.15,1.14
Tim Herrin,CLE,28,75,0,0,0,65.2,39,14,68,25,2,5,1,0,2,16,1.92,0.97
Jack Kochanowicz,LAA,24,11,11,0,0,65.1,68,29,25,10,7,2,6,0,0,0,3.99,1.19
Mason Miller,OAK,26,55,0,0,0,65.0,36,18,104,21,6,2,2,28,3,0,2.49,0.88
Robert Suarez,SD,34,65,0,0,0,65.0,52,20,59,16,7,9,3,36,6,1,2.77,1.05
Hoby Milner,MIL,34,61,1,0,0,64.2,63,34,64,14,6,5,1,1,0,5,4.73,1.19
David Festa,MIN,24,14,13,0,0,64.1,62,35,77,23,9,2,6,0,0,0,4.90,1.32
Tyler Kinley,COL,34,67,0,0,0,64.0,61,44,72,33,11,6,1,12,1,15,6.19,1.47
Kyle Finnegan,WSH,33,65,0,0,0,63.2,61,26,60,24,9,3,8,38,5,0,3.68,1.34
Adrian Morejon,SD,26,60,0,0,0,63.2,63,20,71,21,4,3,2,2,2,12,2.83,1.32
Osvaldo Bido,OAK,29,16,9,0,0,63.1,43,24,63,26,3,5,3,0,0,1,3.41,1.09
Greg Weissert,BOS,30,62,0,0,0,63.1,65,22,58,20,7,4,2,1,3,4,3.13,1.34
Jesse Chavez,ATL,41,46,0,0,0,63.1,60,22,55,19,10,2,2,0,1,1,3.13,1.25
Daniel Hudson,LAD,37,65,0,0,0,63.0,46,21,63,19,10,6,2,10,7,17,3.00,1.03
Orion Kerkering,PHI,23,64,2,0,0,63.0,51,16,74,17,2,5,3,0,2,14,2.29,1.08
Clay Holmes,NYY,31,67,0,0,0,63.0,60,22,68,22,4,3,5,30,13,2,3.14,1.30
Genesis Cabrera,TOR,28,69,0,0,0,62.2,63,25,50,29,10,3,3,2,3,13,3.59,1.47
Matt Strahm,PHI,33,66,0,0,0,62.2,36,13,79,11,4,6,2,3,6,18,1.87,0.75
Yuki Matsui,SD,29,64,0,0,0,62.2,46,26,69,27,8,4,2,0,4,9,3.73,1.16
Bryan Hudson,MIL,27,43,0,0,0,62.1,28,12,62,17,7,6,1,0,3,14,1.73,0.72
Jared Koenig,MIL,31,55,6,0,0,62.0,54,17,63,23,4,9,4,1,2,10,2.47,1.24
Aroldis Chapman,PIT,37,68,0,0,0,61.2,44,26,98,39,5,5,5,14,5,22,3.79,1.35
Kirby Yates,TEX,37,61,0,0,0,61.2,23,8,85,28,3,7,2,33,1,2,1.17,0.83
Jose Alvarado,PHI,29,66,0,0,0,61.2,49,28,63,28,6,2,5,13,3,10,4.09,1.25
Peter Lambert,COL,27,28,3,0,0,61.1,73,39,50,29,7,2,5,0,0,0,5.72,1.66
Austin Voth,SEA,32,68,0,0,0,61.0,46,25,61,18,9,2,5,0,2,16,3.69,1.05
Jeremiah Estrada,SD,26,62,0,0,0,61.0,42,20,94,23,4,6,3,1,3,16,2.95,1.07
Emerson Hancock,SEA,25,12,12,0,0,60.2,62,32,39,19,12,4,4,0,0,0,4.75,1.34
Yennier Cano,BAL,30,70,0,0,0,60.0,54,21,65,24,6,4,3,5,3,34,3.15,1.30
John King,STL,30,56,0,0,0,60.0,58,19,38,14,5,3,3,0,2,9,2.85,1.20
Jason Foley,DET,29,69,0,0,0,60.0,51,21,46,20,5,3,6,28,4,8,3.15,1.18
Taylor Rogers,SF,34,64,0,0,0,60.0,53,16,64,22,7,1,4,0,0,5,2.40,1.25
Garrett Cleavinger,TB,30,68,0,0,0,60.0,52,25,71,31,6,7,5,6,2,15,3.75,1.38
Yusei Kikuchi,HOU,33,10,10,0,0,60.0,42,18,76,14,8,5,1,0,0,0,2.70,0.93
Joe Mantiply,ARI,34,75,2,0,0,59.2,52,26,53,18,1,6,2,1,0,16,3.92,1.17
Justin Lawrence,COL,30,56,0,0,0,59.2,73,43,45,33,9,4,4,2,4,5,6.49,1.78
Dylan Lee,ATL,30,52,0,0,0,59.2,49,14,76,17,7,4,2,0,2,9,2.11,1.11
Robert Garcia,WSH,28,72,0,0,0,59.2,55,28,75,16,4,3,6,0,4,13,4.22,1.19
Anthony Molina,COL,23,35,1,0,0,59.2,72,45,41,22,5,1,1,0,2,2,6.79,1.58
Bryce Jarvis,ARI,27,44,0,0,0,59.1,52,21,38,33,6,1,2,0,0,4,3.19,1.43
Andres Munoz,SEA,26,60,0,0,0,59.1,31,14,77,26,6,3,7,22,5,6,2.12,0.96
Camilo Doval,SF,27,62,0,0,0,59.0,54,32,78,39,5,5,3,23,5,5,4.88,1.58
Joel Payamps,MIL,30,68,0,0,0,59.0,39,20,59,18,7,3,7,6,3,21,3.05,0.97
JoJo Romero,STL,28,65,0,0,0,59.0,52,22,51,16,8,7,3,1,8,30,3.36,1.15
Drew Smyly,CHC,35,50,0,0,0,58.2,57,25,56,25,10,4,8,0,3,10,3.84,1.40
Chris Stratton,KC,34,57,0,0,0,58.1,53,36,44,33,5,4,3,4,3,5,5.55,1.47
Jorge Alcala,MIN,29,54,0,0,0,58.1,40,21,58,20,8,4,3,0,1,15,3.24,1.03
David Bednar,PIT,30,62,0,0,0,57.2,54,37,58,28,9,3,8,23,7,3,5.77,1.42
Nick Sandlin,CLE,28,68,1,0,0,57.2,46,24,68,27,12,8,0,1,3,8,3.75,1.27
Reed Garrett,NYM,32,53,0,0,0,57.1,50,24,83,30,6,8,5,4,5,14,3.77,1.40
Alex Faedo,DET,29,37,6,0,0,57.1,49,23,55,28,9,5,3,0,3,7,3.61,1.34
Frankie Montas,MIL,31,11,11,0,0,57.1,47,29,70,25,10,3,3,0,0,0,4.55,1.26
Max Meyer,MIA,25,11,11,0,0,57.0,62,36,46,19,14,3,5,0,0,0,5.68,1.42
James McArthur,KC,28,57,0,0,0,56.2,68,31,49,14,8,5,7,18,7,2,4.92,1.45
Zack Kelly,BOS,30,49,3,0,0,56.2,44,25,61,27,10,6,3,0,1,8,3.97,1.25
Ryan Pressly,HOU,36,59,0,0,0,56.2,58,22,58,18,4,2,3,4,8,25,3.49,1.34
T.J. McFarland,OAK,35,79,0,0,0,56.2,53,24,39,17,4,2,4,0,2,19,3.81,1.24
Jacob Webb,BAL,31,60,0,0,0,56.2,40,19,58,27,4,2,5,2,1,14,3.02,1.18
Pierce Johnson,ATL,33,58,0,0,0,56.1,48,23,67,25,6,6,6,2,4,12,3.67,1.30
Alexis Diaz,CIN,28,60,0,0,0,56.1,42,25,55,31,6,2,5,28,4,0,3.99,1.30
Bobby Miller,LAD,25,13,13,0,0,56.0,69,53,52,30,17,2,4,0,0,0,8.52,1.77
Adam Ottavino,NYM,39,60,0,0,0,56.0,49,27,70,23,6,2,2,1,2,15,4.34,1.29
Michael Tonkin,NYY,35,39,0,0,0,56.0,44,21,57,21,5,3,2,2,2,1,3.38,1.16
Shelby Miller,DET,34,51,0,0,0,55.2,41,28,49,13,9,6,8,2,7,5,4.53,0.97
Erick Fedde,STL,32,10,10,0,0,55.2,49,23,46,18,6,2,5,0,0,0,3.72,1.20
Jack Flaherty,LAD,29,10,10,0,0,55.1,52,22,61,19,9,6,2,0,0,0,3.58,1.28
Joey Wentz,DET,27,38,0,0,0,55.1,60,33,60,27,8,0,2,1,0,2,5.37,1.57
Zach Eflin,BAL,30,9,9,0,0,55.1,51,16,47,11,8,5,2,0,0,0,2.60,1.12
Justin Slaten,BOS,27,44,0,0,0,55.1,47,18,58,9,4,6,2,2,3,13,2.93,1.01
Aaron Bummer,ATL,31,56,0,0,0,55.1,61,22,69,18,2,4,3,0,3,2,3.58,1.43
Keaton Winn,SF,27,12,12,0,0,55.1,56,44,48,20,9,3,8,0,0,0,7.16,1.37
Ben Brown,CHC,25,15,8,0,0,55.1,41,22,64,19,5,1,3,0,0,1,3.58,1.08
Scott Barlow,CLE,32,63,0,0,0,55.0,44,26,68,31,6,3,3,2,1,19,4.25,1.36
Evan Phillips,LAD,30,61,0,0,0,54.2,48,22,63,17,6,5,1,18,4,9,3.62,1.19
Kyle Nicolas,PIT,26,51,0,0,0,54.2,51,24,55,31,4,2,2,0,0,7,3.95,1.50
Kenley Jansen,BOS,37,54,0,0,0,54.2,38,20,62,20,4,4,2,27,4,0,3.29,1.06
Jhoan Duran,MIN,27,58,0,0,0,54.1,48,22,66,15,4,6,9,23,2,7,3.64,1.16
Spencer Turnbull,PHI,32,17,7,0,0,54.1,37,16,58,20,6,3,0,0,0,1,2.65,1.05
Edwin Diaz,NYM,30,54,0,0,0,53.2,36,21,84,20,7,6,4,20,7,2,3.52,1.04
Cionel Perez,BAL,28,62,0,0,0,53.2,47,27,46,28,0,2,0,2,1,23,4.53,1.40
Angel Zerpa,KC,25,60,0,0,0,53.2,59,23,49,19,6,2,0,0,1,12,3.86,1.45
Calvin Faucher,MIA,29,53,0,0,0,53.2,49,19,63,26,0,2,3,6,2,11,3.19,1.40
Justin Anderson,CWS,32,56,0,0,0,53.1,48,26,57,32,5,1,2,1,5,6,4.39,1.50
Chad Kuhl,CWS,32,31,1,0,0,53.1,56,30,54,25,5,0,2,1,2,1,5.06,1.52
Chad Green,TOR,33,53,0,0,0,53.1,41,19,46,14,8,4,6,17,3,7,3.21,1.03
Anthony Bender,MIA,30,59,0,0,0,53.0,50,24,59,18,3,5,2,1,4,15,4.08,1.28
Seth Martinez,HOU,30,44,0,0,0,52.2,49,21,36,18,7,3,2,1,0,3,3.59,1.27
Randy Rodriguez,SF,25,35,1,0,0,52.1,47,25,53,18,4,3,2,0,1,5,4.30,1.24
Craig Kimbrel,BAL,36,57,0,0,0,52.1,40,31,73,31,7,7,5,23,6,4,5.33,1.36
Jose Suarez,LAA,27,22,3,0,0,52.1,57,35,56,27,7,1,2,1,0,0,6.02,1.61
Dylan Floro,WSH,34,51,0,0,0,52.1,42,12,40,13,1,3,3,0,1,9,2.06,1.05
Trevor Richards,TOR,31,45,2,0,0,52.1,36,27,49,24,7,2,1,0,3,7,4.64,1.15
Roansy Contreras,LAA,25,37,3,0,0,52.0,44,25,40,23,8,1,4,2,1,1,4.33,1.29
Martin Perez,SD,33,10,10,0,0,52.0,46,20,44,17,9,3,1,0,0,0,3.46,1.21
Chase Anderson,BOS,37,27,1,0,0,52.0,46,28,35,19,10,0,2,3,0,0,4.85,1.25
John Schreiber,KC,31,59,0,0,0,51.2,48,21,46,20,1,4,3,2,3,24,3.66,1.32
Colin Holderman,PIT,29,55,0,0,0,51.1,42,18,56,25,6,3,6,0,5,21,3.16,1.31
Elvis Peguero,MIL,27,52,0,0,0,51.1,52,17,47,27,4,7,4,2,4,11,2.98,1.54
Tyler Ferguson,OAK,31,48,0,0,0,51.1,32,21,62,24,4,4,2,2,2,12,3.68,1.09
Brennan Bernardino,BOS,33,57,3,0,0,51.0,50,23,56,22,6,4,3,0,2,14,4.06,1.41
Jose Ruiz,PHI,30,52,0,0,0,51.0,51,21,52,17,8,5,1,1,0,0,3.71,1.33
Paul Blackburn,OAK,31,9,9,0,0,51.0,45,25,38,14,8,4,2,0,0,0,4.41,1.16
Tanner Rainey,WSH,32,50,0,0,0,51.0,47,27,44,29,8,0,0,0,0,0,4.76,1.49
Michael Grove,LAD,28,39,2,0,0,51.0,46,29,54,16,6,4,4,0,0,7,5.12,1.22
Carmen Mlodzinski,PIT,26,40,4,0,0,50.2,41,19,46,19,3,5,5,0,2,5,3.38,1.18
Landen Roupp,SF,26,23,4,0,0,50.1,43,20,47,26,2,1,2,0,0,1,3.58,1.37
Tyson Miller,CHC,29,49,0,0,0,50.1,31,12,42,10,5,5,1,1,1,12,2.15,0.81
Eduardo Rodriguez,ARI,31,10,10,0,0,50.0,56,28,47,19,8,3,4,0,0,0,5.04,1.50
Davis Martin,CWS,28,11,10,0,0,50.0,50,24,47,23,5,0,5,0,0,0,4.32,1.46
Louis Varland,MIN,27,16,7,0,0,49.2,68,42,49,16,12,0,6,0,0,0,7.61,1.69
Andrew Nardi,MIA,26,59,0,0,0,49.2,44,28,70,18,7,3,2,0,6,15,5.07,1.25
Bryce Elder,ATL,25,10,10,0,0,49.2,64,36,46,17,8,2,5,0,0,0,6.52,1.63
Anthony Banda,LAD,31,48,2,0,0,49.2,44,17,50,18,5,3,2,2,2,8,3.08,1.25
Kyle Muller,OAK,27,21,0,0,0,49.1,48,22,36,10,6,0,1,0,0,0,4.01,1.18
Jalen Beeks,COL,31,45,0,0,0,49.1,49,26,38,18,6,6,4,9,7,5,4.74,1.36
John Brebbia,CWS,34,54,0,0,0,48.2,52,34,58,17,9,0,6,2,3,13,6.29,1.42
Kyle Leahy,STL,27,33,0,0,0,48.2,40,22,33,10,4,1,1,1,0,3,4.07,1.03
Spencer Bivens,SF,30,27,2,0,0,48.2,47,17,37,11,9,3,1,1,0,2,3.14,1.19
Zach Pop,TOR,28,58,0,0,0,48.1,45,30,33,19,9,2,4,1,3,10,5.59,1.32
Matt Moore,LAA,35,51,0,0,0,48.1,39,27,41,26,11,5,3,1,1,11,5.03,1.34
Tanner Banks,CWS,33,41,1,0,0,48.0,47,22,55,15,5,2,2,2,4,7,4.13,1.29
Joe Boyle,OAK,25,13,10,0,0,47.2,42,34,56,40,4,3,6,0,0,1,6.42,1.72
Christian Scott,NYM,25,9,9,0,0,47.1,45,24,39,12,8,0,3,0,0,0,4.56,1.20
Caleb Thielbar,MIN,38,59,0,0,0,47.1,50,28,53,24,6,2,4,3,0,9,5.32,1.56
Jason Adam,TB,33,47,0,0,0,47.0,26,13,50,16,4,4,2,4,3,19,2.49,0.89
Justin Wilson,CIN,37,60,0,0,0,46.2,55,29,51,13,10,1,5,2,2,10,5.59,1.46
Blake Treinen,LAD,36,50,0,0,0,46.2,33,10,56,11,5,7,3,1,4,16,1.93,0.94
Shawn Armstrong,TB,34,38,7,0,0,46.2,56,28,50,19,5,2,2,1,1,3,5.40,1.61
Stephen Kolek,SD,27,42,0,0,0,46.2,59,27,39,12,4,3,0,0,1,2,5.21,1.52
Trevor Megill,MIL,31,48,0,0,0,46.1,33,14,50,14,4,1,3,21,3,6,2.72,1.01
Jordan Wicks,CHC,25,11,10,0,0,46.0,55,28,42,20,9,2,4,0,0,0,5.48,1.63
Tanner Scott,MIA,30,44,0,0,0,45.2,19,6,53,27,2,6,5,18,2,1,1.18,1.01
Brendon Little,TOR,28,49,0,0,0,45.2,41,19,36,19,7,1,2,1,3,8,3.74,1.31
Pete Fairbanks,TB,31,46,0,0,0,45.1,36,18,44,17,4,3,3,23,4,1,3.57,1.17
Brant Hurter,DET,26,10,1,0,0,45.1,34,13,38,6,4,6,1,0,0,0,2.58,0.88
Nick Mears,COL,28,41,0,0,0,45.1,47,28,57,21,2,1,4,0,2,8,5.56,1.50
Shawn Dubin,HOU,29,31,2,0,0,45.1,45,21,49,26,3,1,1,2,0,0,4.17,1.57
Hunter Harvey,WSH,30,43,0,0,0,45.0,43,21,50,12,4,2,4,0,2,26,4.20,1.22
Quinn Priester,PIT,24,10,6,0,0,44.2,52,25,31,13,7,2,6,0,0,0,5.04,1.46
Dennis Santana,PIT,28,39,0,0,0,44.1,30,12,50,11,2,1,1,1,0,11,2.44,0.92
Steven Matz,STL,33,12,7,0,0,44.1,49,25,33,15,7,1,2,0,0,0,5.08,1.44
Chris Martin,BOS,38,45,0,0,0,44.1,47,17,50,3,5,3,1,2,4,15,3.45,1.13
Drew Thorpe,CWS,24,9,9,0,0,44.1,35,27,25,21,8,3,3,0,0,0,5.48,1.26
Hector Neris,CHC,35,46,0,0,0,44.0,41,19,46,26,4,8,4,17,5,3,3.89,1.52
A.J. Puk,MIA,29,32,4,0,0,44.0,36,21,45,23,3,4,8,1,1,8,4.30,1.34
Tim Hill,NYY,35,35,0,0,0,44.0,36,10,18,9,2,3,0,0,0,3,2.05,1.02
Luis Garcia,LAA,38,45,0,0,0,43.2,37,18,40,14,4,5,1,4,2,12,3.71,1.17
Michael Kopech,CWS,28,43,0,0,0,43.2,35,23,59,24,8,2,8,9,5,1,4.74,1.35
Jhony Brito,SD,27,26,0,0,0,43.2,49,20,29,10,4,1,2,0,3,0,4.12,1.35
Jacob Latz,TEX,28,46,0,0,0,43.2,39,18,40,27,6,2,3,0,3,9,3.71,1.51
Max Scherzer,TEX,40,9,9,0,0,43.1,40,19,40,10,7,2,4,0,0,0,3.95,1.15
Daniel Lynch,KC,28,16,3,0,0,43.1,29,16,39,14,6,2,0,1,0,0,3.32,0.99
DL Hall,MIL,26,13,7,0,0,43.0,48,24,44,21,6,1,2,0,0,1,5.02,1.60
Porter Hodge,CHC,24,39,0,0,0,43.0,19,9,52,19,2,3,1,9,3,9,1.88,0.88
Cam Booser,BOS,32,43,0,0,0,42.2,41,16,43,16,5,2,3,1,2,5,3.38,1.34
Sam Long,KC,29,43,0,0,0,42.2,34,15,44,17,5,3,3,1,1,7,3.16,1.20
Tommy Kahnle,NYY,35,50,0,0,0,42.2,30,10,46,19,5,0,2,1,0,16,2.11,1.15
Adam Oller,MIA,30,8,8,0,0,42.1,43,25,36,22,7,2,4,0,0,0,5.31,1.54
Eli Morgan,CLE,28,32,0,0,0,42.0,30,9,34,11,4,3,0,0,0,1,1.93,0.98
Edwin Uceta,TB,27,30,0,0,0,41.2,26,7,57,8,2,2,0,5,0,7,1.51,0.82
Jordan Weems,WSH,32,41,0,0,0,41.2,49,31,35,24,7,1,1,0,2,4,6.70,1.75
Collin Snider,SEA,29,42,0,0,0,41.2,36,9,47,13,5,3,4,0,2,9,1.94,1.18
Will Smith,KC,35,45,0,0,0,41.1,45,30,29,15,7,0,4,1,1,8,6.53,1.45
Austin Adams,OAK,33,56,0,0,0,41.1,38,18,53,23,4,1,2,0,4,22,3.92,1.48
Jakob Junis,CIN,32,14,5,0,0,41.0,29,13,32,3,4,0,0,0,0,0,2.85,0.78
Jonathan Hernandez,TEX,28,26,1,0,0,41.0,39,23,36,26,6,3,1,0,2,0,5.05,1.59
Enyel De Los Santos,SD,29,44,0,0,0,40.1,39,20,48,13,11,1,2,1,2,7,4.46,1.29
Nate Pearson,TOR,28,41,0,0,0,40.0,45,25,51,17,8,0,1,2,1,7,5.63,1.55
Luis Medina,OAK,25,8,8,0,0,40.0,43,23,32,20,4,2,4,0,0,0,5.18,1.58
Jake Bird,COL,29,35,0,0,0,40.0,43,20,31,25,5,2,2,1,2,4,4.50,1.70
Paul Sewald,ARI,34,42,0,0,0,39.2,35,19,43,10,6,1,2,16,4,1,4.31,1.13
Matthew Boyd,CLE,34,8,8,0,0,39.2,32,12,46,13,4,2,2,0,0,0,2.72,1.13
Alex Wood,OAK,34,9,9,0,0,39.1,51,23,33,19,6,1,3,0,0,0,5.26,1.78
Kyle Bradish,BAL,28,8,8,0,0,39.1,27,12,53,15,2,2,0,0,0,0,2.75,1.07
Erik Swanson,TOR,31,45,0,0,0,39.1,36,22,37,14,11,2,2,0,1,9,5.03,1.27
Ryne Stanek,SEA,33,46,0,0,0,39.0,35,19,44,17,5,6,3,7,4,15,4.38,1.33
Scott Alexander,OAK,35,45,0,0,0,38.2,31,11,31,15,3,1,3,0,3,10,2.56,1.19
Joey Cantillo,CLE,25,9,8,0,0,38.2,35,21,44,15,6,2,4,0,0,0,4.89,1.29
Tayler Saucedo,SEA,31,53,0,0,0,38.2,35,15,38,18,3,2,0,3,2,7,3.49,1.37
Tommy Henry,ARI,27,9,7,0,0,38.1,49,30,30,18,9,2,3,0,0,0,7.04,1.75
Wandy Peralta,SD,33,46,0,0,0,38.1,33,17,22,13,6,3,2,0,1,11,3.99,1.20
Rafael Montero,HOU,34,41,0,0,0,38.1,35,20,23,19,8,1,2,0,3,10,4.70,1.41
Emilio Pagan,CIN,33,38,1,0,0,38.0,40,19,44,11,6,4,5,1,1,8,4.50,1.34
Jake Cousins,NYY,30,37,0,0,0,38.0,20,10,53,20,5,2,1,1,0,8,2.37,1.05
Manuel Rodriguez,TB,28,40,0,0,0,37.2,29,9,34,11,3,3,4,2,1,10,2.15,1.06
Danny Young,NYM,30,42,0,0,0,37.2,29,19,48,18,3,4,1,0,0,8,4.54,1.25
Zebby Matthews,MIN,24,9,9,0,0,37.2,51,28,43,11,11,1,4,0,0,0,6.69,1.65
Hunter Stratton,PIT,28,36,0,0,0,37.2,37,15,33,7,3,2,1,1,2,5,3.58,1.17
Ian Hamilton,NYY,29,35,0,0,0,37.2,37,16,41,14,2,0,1,1,1,11,3.82,1.35
Sam Moll,CIN,33,48,0,0,0,37.2,27,14,38,14,3,3,2,0,0,11,3.35,1.09
Colin Poche,TB,31,43,0,0,0,37.1,30,16,33,13,7,1,2,2,2,20,3.86,1.15
Andrew Chafin,DET,34,41,0,0,0,37.0,35,13,50,16,2,3,2,1,3,8,3.16,1.38
Braxton Garrett,MIA,27,7,7,1,1,37.0,40,22,34,4,5,2,2,0,0,0,5.35,1.19
Lucas Erceg,OAK,29,38,0,0,0,36.2,31,15,41,13,3,2,3,3,3,12,3.68,1.20
Tyler Phillips,PHI,27,8,7,1,1,36.2,45,28,28,7,9,4,1,0,0,0,6.87,1.42
Mark Leiter,CHC,33,39,0,0,0,36.1,27,17,53,13,2,2,4,0,2,13,4.21,1.10
Justin Wrobleski,LAD,24,8,6,0,0,36.1,34,23,26,16,9,1,2,1,0,0,5.70,1.38
Mason Black,SF,25,9,8,0,0,36.1,46,26,31,15,7,1,5,0,0,0,6.44,1.68
Darren McCaughan,MIA,28,10,5,0,0,36.0,44,23,27,9,7,0,0,2,0,0,5.75,1.47
Seranthony Dominguez,PHI,30,38,0,0,0,36.0,32,19,40,12,6,3,2,1,1,4,4.75,1.22
Sixto Sanchez,MIA,26,14,7,0,0,35.2,43,24,17,14,3,0,3,0,1,1,6.06,1.60
Nick Anderson,KC,34,37,0,0,0,35.2,35,16,29,15,6,3,1,1,0,2,4.04,1.40
Jack Leiter,TEX,24,9,6,0,0,35.2,44,35,31,17,7,0,3,0,0,0,8.83,1.71
Nick Nastrini,CWS,25,9,8,0,0,35.2,32,28,26,36,7,0,7,0,0,0,7.07,1.91
Phil Maton,TB,31,40,0,0,0,35.1,29,18,30,18,6,1,2,2,2,9,4.58,1.33
Gregory Soto,PHI,30,43,0,0,0,35.1,36,16,44,20,2,2,4,2,1,7,4.08,1.58
Steven Okert,MIN,33,44,1,0,0,35.1,37,20,33,16,6,3,2,1,6,7,5.09,1.50
Lucas Sims,CIN,30,43,0,0,0,35.1,30,14,40,20,6,1,4,1,2,12,3.57,1.42
Luke Jackson,SF,33,36,0,0,0,35.0,35,21,33,15,5,4,2,0,3,2,5.40,1.43
Dedniel Nunez,NYM,28,25,0,0,0,35.0,24,9,48,8,3,2,0,1,1,9,2.31,0.91
Steven Wilson,CWS,30,40,0,0,0,34.2,29,22,34,26,8,1,6,0,1,9,5.71,1.59
Ben Joyce,LAA,24,31,1,0,0,34.2,26,8,33,14,1,2,0,4,0,8,2.08,1.15
Kody Funderburk,MIN,28,27,0,0,0,34.2,41,25,32,15,4,1,0,1,0,5,6.49,1.62
Cristian Javier,HOU,27,7,7,0,0,34.2,30,15,27,19,4,3,1,0,0,0,3.89,1.41
Brent Honeywell,LAD,29,18,1,0,0,34.1,29,10,17,9,3,1,1,1,1,1,2.62,1.11
A.J. Minter,ATL,31,39,0,0,0,34.1,24,10,35,11,6,5,4,1,3,9,2.62,1.02
Chris Roycroft,STL,27,27,0,0,0,34.1,31,16,33,17,2,1,2,0,1,1,4.19,1.40
Tanner Gordon,COL,27,8,8,0,0,34.1,53,33,26,6,10,0,6,0,0,0,8.65,1.72
Michel Otanez,OAK,27,36,0,0,0,34.0,27,13,55,20,2,1,0,1,2,6,3.44,1.38
Carlos Estevez,LAA,32,34,0,0,0,34.0,20,9,32,5,3,1,3,20,3,0,2.38,0.74
J.T. Ginn,OAK,25,8,6,0,0,34.0,36,16,29,9,4,1,1,0,0,0,4.24,1.32
Marco Gonzales,PIT,33,7,7,0,0,33.2,43,17,23,11,5,1,1,0,0,0,4.54,1.60
Adam Mazur,SD,23,8,8,0,0,33.2,40,28,22,21,6,1,3,0,0,0,7.49,1.81
Dillon Tate,BAL,30,29,0,0,0,33.1,38,17,23,9,2,2,1,1,1,2,4.59,1.41
Caleb Ferguson,NYY,28,42,0,0,0,33.1,34,19,41,16,5,1,3,1,1,10,5.13,1.50
Jeffrey Springs,TB,32,7,7,0,0,33.0,34,12,37,11,5,2,2,0,0,0,3.27,1.36
Ryan Burr,TOR,30,34,4,0,0,32.2,29,15,47,12,4,0,2,0,1,3,4.13,1.26
Scott McGough,ARI,35,26,2,0,0,32.2,34,27,25,21,6,1,3,0,2,1,7.44,1.68
Jake Diekman,NYM,38,43,0,0,0,32.0,23,20,40,24,7,2,3,4,3,8,5.63,1.47
Joe Kelly,LAD,36,35,0,0,0,32.0,31,17,35,16,4,1,1,0,2,13,4.78,1.47
Jose Ferrer,WSH,25,31,0,0,0,32.0,27,12,25,6,1,1,0,1,1,6,3.38,1.03
Julian Aguiar,CIN,23,7,7,0,0,31.2,30,22,19,12,8,2,1,0,0,0,6.25,1.33
Kyle Tyler,MIA,28,8,7,0,0,31.2,37,19,25,18,4,0,2,0,0,0,5.40,1.74
Angel Chivilli,COL,22,30,0,0,0,31.2,31,16,28,10,7,2,3,1,2,7,4.55,1.29
Jordan Leasure,CWS,26,33,0,0,0,31.1,32,22,26,18,6,0,2,2,4,9,6.32,1.60
Josh Fleming,PIT,28,25,3,0,0,31.1,34,14,17,14,3,1,1,1,0,1,4.02,1.53
Michael Kelly,OAK,32,28,0,0,0,31.1,27,9,22,10,2,3,2,0,0,5,2.59,1.18
Ryan Yarbrough,TOR,33,12,0,0,0,31.1,18,7,26,7,2,1,0,0,1,0,2.01,0.80
Robbie Ray,SF,33,7,7,0,0,30.2,20,16,43,15,6,3,2,0,0,0,4.70,1.14
Huascar Brazoban,MIA,35,20,0,0,0,30.2,20,10,34,11,1,1,2,0,3,2,2.93,1.01
Rhett Lowder,CIN,22,6,6,0,0,30.2,25,4,22,14,0,2,2,0,0,0,1.17,1.27
Kris Bubic,KC,27,27,0,0,0,30.1,26,9,39,5,2,1,1,1,3,7,2.67,1.02
Keegan Thompson,CHC,29,24,0,0,0,30.1,19,9,36,18,3,2,1,2,0,2,2.67,1.22
Davis Daniel,LAA,27,6,6,0,0,30.1,39,21,28,6,5,1,4,0,0,0,6.23,1.48
Yonny Chirinos,MIA,31,6,6,0,0,30.0,43,21,25,13,7,0,2,0,0,0,6.30,1.87
Carlos Hernandez,KC,27,27,0,0,0,30.0,24,11,27,16,1,0,1,0,1,1,3.30,1.33
Yimi Garcia,TOR,34,29,0,0,0,30.0,16,9,42,8,3,3,0,5,1,10,2.70,0.80
Tony Santillan,CIN,27,29,1,0,0,30.0,21,10,46,9,4,3,3,0,2,4,3.00,1.00
Clayton Kershaw,LAD,36,7,7,0,0,30.0,36,15,24,9,2,2,2,0,0,0,4.50,1.50
Bryan Hoeing,MIA,28,16,2,0,0,30.0,29,9,25,9,2,1,2,0,0,2,2.70,1.27
Bradley Blalock,COL,24,6,6,0,0,29.2,35,20,20,19,4,1,3,0,0,0,6.07,1.82
Danny Coulombe,BAL,35,33,0,0,0,29.2,15,7,32,5,3,1,0,1,1,13,2.12,0.67
Burch Smith,MIA,34,25,0,0,0,29.2,39,14,23,9,1,2,0,0,0,1,4.25,1.62
Brenan Hanifee,DET,26,21,3,0,0,29.1,27,6,23,6,2,1,1,0,1,7,1.84,1.13
George Soriano,MIA,25,22,0,0,0,29.1,27,22,29,13,7,1,1,1,3,2,6.75,1.36
Yohan Ramirez,LAD,29,27,0,0,0,29.1,32,18,27,11,3,0,4,1,1,1,5.52,1.47
Phil Maton,NYM,31,31,0,0,0,28.2,18,8,30,6,1,2,1,1,0,9,2.51,0.84
Drew Rasmussen,TB,29,16,4,0,0,28.2,25,9,35,6,0,0,2,1,0,3,2.83,1.08
Richard Lovelady,TB,29,28,0,0,0,28.2,25,12,20,9,2,3,5,2,1,3,3.77,1.19
Michael Lorenzen,KC,33,7,6,0,0,28.2,19,5,22,12,2,2,0,0,0,0,1.57,1.08
Aaron Ashby,MIL,26,14,2,0,0,28.1,20,9,33,10,2,1,2,0,0,3,2.86,1.06
Yilber Diaz,ARI,24,7,4,0,0,28.1,27,12,19,12,3,1,1,0,0,0,3.81,1.38
Robert Gasser,MIL,25,5,5,0,0,28.0,28,8,16,1,2,2,0,0,0,0,2.57,1.04
Ryan Brasier,LAD,37,29,4,0,0,28.0,22,11,25,5,3,1,0,0,2,6,3.54,0.96
Logan Allen,ARI,27,12,0,0,0,28.0,32,17,21,10,3,0,1,1,0,1,5.46,1.50
Matt Manning,DET,27,5,5,0,0,27.2,31,15,23,12,3,0,1,0,0,0,4.88,1.55
Eduard Bazardo,SEA,29,23,0,0,0,27.2,20,15,33,9,2,2,0,0,0,0,4.88,1.05
Eduardo Salazar,WSH,26,25,0,0,0,27.1,31,9,24,12,2,0,1,0,0,3,2.96,1.57
Bryan Sammons,DET,29,6,0,0,0,27.1,16,11,18,9,6,1,1,0,0,0,3.62,0.91
A.J. Puk,ARI,29,30,0,0,0,27.1,15,4,43,5,2,0,1,2,2,7,1.32,0.73
Dennis Santana,NYY,28,23,0,0,0,27.1,27,19,19,10,2,2,0,2,0,1,6.26,1.35
Kolby Allard,PHI,27,7,4,0,0,27.0,34,15,23,8,5,2,0,0,0,0,5.00,1.56
Jake Woodford,PIT,28,7,5,0,0,26.2,33,21,19,4,4,0,4,0,0,0,7.09,1.39
Jesus Tinoco,MIA,29,21,0,0,0,26.2,13,6,30,5,1,1,0,3,1,5,2.03,0.68
Aaron Brooks,OAK,34,5,4,0,0,26.2,33,15,12,8,4,0,2,0,0,0,5.06,1.54
Chris Devenski,TB,34,19,0,0,0,26.2,28,20,24,14,9,2,1,0,2,0,6.75,1.58
Jason Adam,SD,33,27,0,0,0,26.2,14,3,31,7,1,3,0,0,1,12,1.01,0.79
Burch Smith,BAL,34,25,0,0,0,26.2,25,17,23,3,5,2,1,0,1,3,5.74,1.05
Jorge Lopez,CHC,32,24,0,0,0,26.2,21,6,31,8,3,1,1,2,1,4,2.03,1.09
Ethan Roberts,CHC,27,21,0,0,0,26.2,31,11,26,10,3,1,1,0,0,1,3.71,1.54
Grant Anderson,TEX,27,23,0,0,0,26.2,33,24,29,10,11,0,1,1,1,1,8.10,1.61
Nate Pearson,CHC,28,19,1,0,0,26.1,22,8,23,4,4,2,1,0,1,4,2.73,0.99
Jorge Lopez,NYM,32,28,0,0,0,26.1,25,11,19,11,3,1,2,2,0,6,3.76,1.37
Jay Jackson,MIN,37,20,0,0,0,26.1,28,22,29,9,7,1,2,0,0,1,7.52,1.41
Tanner Scott,SD,30,28,0,0,0,26.1,26,8,31,9,1,3,1,4,0,10,2.73,1.33
Gerson Garabito,TEX,29,18,2,0,0,26.1,23,14,22,12,4,0,2,0,1,0,4.78,1.33
Bryan King,HOU,28,28,0,0,0,26.1,20,7,32,10,1,1,0,0,0,0,2.39,1.14
Yunior Marte,PHI,30,23,0,0,0,26.0,34,20,23,15,5,0,0,0,1,2,6.92,1.88
Luke Little,CHC,24,30,1,0,0,26.0,15,10,28,18,1,3,1,0,0,3,3.46,1.27
Jakob Junis,MIL,32,10,1,0,0,26.0,20,7,19,5,4,4,0,1,1,0,2.42,0.96
Dany Jimenez,OAK,31,25,0,0,0,25.2,21,14,25,19,6,1,3,1,2,5,4.91,1.56
J.P. France,HOU,29,5,5,0,0,25.1,31,21,22,12,5,0,3,0,0,0,7.46,1.70
Hans Crouse,LAA,26,25,0,0,0,25.1,14,8,34,17,2,4,3,0,1,1,2.84,1.22
Lucas Erceg,KC,29,23,0,0,0,25.0,18,8,31,3,0,0,3,11,2,6,2.88,0.84
Tim Mayza,TOR,33,35,0,0,0,24.2,36,22,16,12,3,0,1,0,1,8,8.03,1.95
Brad Keller,BOS,29,11,0,0,0,24.2,31,16,19,9,4,0,2,1,0,0,5.84,1.62
Kaleb Ort,HOU,33,22,0,0,0,24.2,16,7,26,4,7,1,1,0,0,3,2.55,0.81
Xzavion Curry,CLE,26,7,4,0,0,24.2,29,16,15,5,5,0,2,0,0,0,5.84,1.38
Tanner Banks,PHI,33,22,1,0,0,24.1,22,10,23,10,1,0,1,0,0,1,3.70,1.32
Alek Manoah,TOR,27,5,5,0,0,24.1,17,10,26,8,5,1,2,0,0,0,3.70,1.03
Cody Poteet,NYY,30,5,4,0,0,24.1,18,6,16,8,2,3,0,0,0,0,2.22,1.07
Josh Staumont,MIN,31,25,0,0,0,24.1,17,10,18,14,0,1,0,0,0,1,3.70,1.27
Paul Blackburn,NYM,31,5,5,0,0,24.1,31,14,21,7,4,1,2,0,0,0,5.18,1.56
Adam Cimber,LAA,34,28,0,0,0,24.1,20,19,19,14,1,3,0,0,0,8,7.03,1.40
Michael Kopech,LAD,28,24,0,0,0,24.0,9,3,29,10,1,4,0,6,0,9,1.13,0.79
Spencer Howard,SF,28,7,2,0,0,24.0,33,15,21,11,2,1,1,0,0,0,5.63,1.83
Kenny Rosenberg,LAA,29,7,1,0,0,24.0,28,16,17,8,5,0,1,0,0,0,6.00,1.50
Fraser Ellard,CWS,27,25,0,0,0,24.0,18,10,26,12,3,2,3,1,1,2,3.75,1.25
Bryan Hoeing,SD,28,18,0,0,0,23.2,14,4,18,5,2,1,1,0,0,2,1.52,0.80
Sam Hentges,CLE,28,25,0,0,0,23.2,18,8,27,5,3,0,0,0,0,9,3.04,0.97
Gabe Speier,SEA,29,29,0,0,0,23.2,19,15,33,14,2,0,2,0,1,7,5.70,1.39
Bryan Baker,BAL,30,19,0,0,0,23.1,20,13,23,7,3,1,1,0,0,3,5.01,1.16
Ron Marinaccio,NYY,29,16,0,0,0,23.1,18,10,25,10,4,1,0,0,1,1,3.86,1.20
Victor Gonzalez,NYY,29,27,0,0,0,23.1,13,10,11,13,3,2,1,2,1,3,3.86,1.11
Ty Madden,DET,25,6,1,0,0,23.0,25,11,17,8,2,1,1,0,0,0,4.30,1.43
Michael McGreevy,STL,24,4,3,0,0,23.0,16,5,18,2,1,3,0,0,0,0,1.96,0.78
Tim Hill,CWS,35,27,0,0,0,23.0,41,15,13,10,0,1,0,0,1,1,5.87,2.22
Touki Toussaint,CWS,28,11,0,0,0,23.0,35,19,26,18,3,1,2,0,0,1,7.43,2.30
Matt Festa,TEX,31,18,0,0,0,22.2,17,11,23,7,2,6,0,0,0,0,4.37,1.06
Seranthony Dominguez,BAL,30,25,0,0,0,22.2,20,10,28,9,6,0,2,10,1,2,3.97,1.28
Will Warren,NYY,25,6,5,0,0,22.2,33,26,29,10,5,0,3,0,0,0,10.32,1.90
Ray Kerr,ATL,30,10,2,0,0,22.1,29,14,27,7,4,1,2,0,0,0,5.64,1.61
Brady Basso,OAK,27,7,4,0,0,22.1,23,10,19,5,3,1,1,0,0,0,4.03,1.25
Thyago Vieira,MIL,31,16,0,0,0,22.1,25,14,25,13,6,0,0,1,0,0,5.64,1.70
Tommy Nance,TOR,33,20,0,0,0,22.0,18,10,19,9,2,0,3,0,1,0,4.09,1.23
Mark Leiter,NYY,33,21,0,0,0,21.2,28,12,33,9,6,2,1,0,1,2,4.98,1.71
Mason Englert,DET,25,12,1,0,0,21.2,23,13,16,5,4,1,0,0,0,0,5.40,1.29
Sean Reid-Foley,NYM,29,23,0,0,0,21.2,13,4,25,14,0,1,2,0,1,4,1.66,1.25
Devin Williams,MIL,30,22,0,0,0,21.2,10,3,38,11,1,1,0,14,1,0,1.25,0.97
Carlos Estevez,PHI,32,20,0,0,0,21.0,18,6,18,7,2,3,2,6,2,0,2.57,1.19
Caleb Ferguson,HOU,28,20,0,0,0,21.0,22,9,26,9,1,0,1,0,1,1,3.86,1.48
Sean Guenther,DET,29,17,0,0,0,21.0,9,2,12,2,0,3,0,0,1,2,0.86,0.52
Huascar Brazoban,NYM,35,19,0,0,0,21.0,18,12,17,14,1,0,1,0,2,3,5.14,1.52
Richard Fitts,BOS,25,4,4,0,0,20.2,19,4,9,7,0,0,1,0,0,0,1.74,1.26
Emmanuel Ramirez,MIA,30,15,0,0,0,20.2,21,16,21,8,3,0,1,0,0,0,6.97,1.40
John Means,BAL,31,4,4,0,0,20.2,16,6,16,2,2,2,0,0,0,0,2.61,0.87
Jalen Beeks,PIT,31,26,0,0,0,20.2,28,9,17,9,0,1,0,1,1,3,3.92,1.79
Ryder Ryan,PIT,29,15,0,0,0,20.2,21,13,17,9,2,1,0,0,0,3,5.66,1.45
Giovanny Gallegos,STL,33,21,0,0,0,20.2,24,15,21,10,6,2,1,1,0,2,6.53,1.65
Enoli Paredes,MIL,29,17,0,0,0,20.2,13,4,14,10,0,1,0,1,0,3,1.74,1.11
Domingo German,PIT,32,7,2,0,0,20.2,25,18,18,13,4,0,1,0,0,0,7.84,1.84
Colten Brewer,CHC,32,16,0,0,0,20.2,24,13,22,9,1,0,0,1,2,0,5.66,1.60
Erasmo Ramirez,TB,34,13,0,0,0,20.2,12,10,15,10,5,3,0,1,0,0,4.35,1.06
Scott Blewett,MIN,28,12,0,0,0,20.1,17,4,18,8,2,1,1,0,0,0,1.77,1.23
Brock Burke,LAA,28,21,1,0,0,20.1,16,8,25,7,1,2,1,0,1,1,3.54,1.13
Gus Varland,CWS,28,19,0,0,0,20.1,23,8,24,4,1,1,0,0,1,0,3.54,1.33
Noah Davis,COL,27,9,0,0,0,20.1,31,13,15,7,3,0,0,0,0,1,5.75,1.87
River Ryan,LAD,26,4,4,0,0,20.1,15,3,18,9,1,1,0,0,0,0,1.33,1.18
Jeff Criswell,COL,25,13,0,0,0,19.2,20,6,27,9,4,1,0,0,0,0,2.75,1.47
JT Chargois,SEA,34,21,0,0,0,19.2,9,6,18,6,3,2,1,0,2,2,2.75,0.76
Andrew Chafin,TEX,34,21,0,0,0,19.1,17,9,20,15,3,1,1,0,0,4,4.19,1.66
Ronny Henriquez,MIN,24,16,1,0,0,19.1,20,7,15,5,2,1,1,0,1,2,3.26,1.29
Jose Quijada,LAA,29,22,0,0,0,19.1,12,7,24,17,1,2,2,0,2,7,3.26,1.50
Jose Marte,LAA,28,14,0,0,0,19.1,14,5,14,10,1,0,0,0,0,2,2.33,1.24
Troy Taylor,SEA,23,21,0,0,0,19.1,15,8,25,7,4,0,0,1,0,6,3.72,1.14
Sean Burke,CWS,25,4,3,0,0,19.0,12,3,22,7,2,2,0,0,0,0,1.42,1.00
Prelander Berroa,CWS,24,17,0,0,0,19.0,15,7,26,13,2,1,0,0,0,3,3.32,1.47
Anthony Maldonado,MIA,27,16,1,0,0,19.0,21,12,11,7,1,1,1,1,1,0,5.68,1.47
Trevor Rogers,BAL,27,4,4,0,0,19.0,25,15,12,10,2,0,2,0,0,0,7.11,1.84
Dominic Leone,CWS,33,23,0,0,0,19.0,20,14,17,14,4,0,2,0,4,4,6.63,1.79
Alex Lange,DET,29,21,0,0,0,18.2,16,9,21,17,0,0,3,2,0,1,4.34,1.77
Cody Bolton,SEA,26,17,0,0,0,18.2,18,9,17,9,3,0,0,0,0,0,4.34,1.45
Blake Walston,ARI,23,7,2,0,0,18.1,16,9,18,10,4,1,0,0,0,0,4.42,1.42
Garrett Whitlock,BOS,28,4,4,0,0,18.1,14,4,17,7,1,1,0,0,0,0,1.96,1.15
Mike Baumann,BAL,29,17,0,0,0,18.1,18,7,16,9,2,1,0,0,1,2,3.44,1.47
Tim Mayza,NYY,33,15,0,0,0,18.0,18,8,12,3,2,0,1,0,0,0,4.00,1.17
Luke Jackson,ATL,33,16,0,0,0,18.0,17,9,26,11,2,0,1,0,0,1,4.50,1.56
Xzavion Curry,MIA,26,9,1,0,0,18.0,9,6,13,2,3,2,0,0,0,1,3.00,0.61
Daysbel Hernandez,ATL,28,16,0,0,0,18.0,10,5,26,10,0,3,0,0,1,1,2.50,1.11
Bailey Horn,BOS,27,18,0,0,0,18.0,22,13,13,10,5,1,1,0,2,2,6.50,1.78
Ky Bush,CWS,25,4,4,0,0,17.2,20,11,11,16,2,0,3,0,0,0,5.60,2.04
Joe La Sorsa,WSH,26,16,0,0,0,17.2,17,9,14,5,4,0,0,0,0,0,4.58,1.25
Guillo Zuniga,LAA,26,15,0,0,0,17.2,16,10,12,8,5,0,0,2,0,0,5.09,1.36
Brandon Hughes,ARI,29,15,2,0,0,17.2,24,16,21,10,8,0,0,0,0,0,8.15,1.92
Kent Emanuel,MIA,32,12,0,0,0,17.2,20,13,12,7,4,0,0,0,0,0,6.62,1.53
Drew Smith,NYM,31,19,0,0,0,17.2,18,6,23,9,2,1,1,2,0,6,3.06,1.53
Gregory Soto,BAL,30,23,0,0,0,17.2,20,10,21,7,2,1,1,0,1,4,5.09,1.53
Adbert Alzolay,CHC,30,18,0,0,0,17.1,19,9,13,6,6,1,4,4,5,1,4.67,1.44
Cole Winn,TEX,25,13,0,0,0,17.1,18,15,14,4,2,0,1,0,0,0,7.79,1.27
Brandon Bielak,HOU,28,10,0,0,0,17.1,22,11,9,7,3,0,0,0,0,0,5.71,1.67
Enyel De Los Santos,CWS,29,15,0,0,0,17.1,13,7,13,9,5,0,0,1,0,1,3.63,1.27
Walter Pennington,TEX,26,15,1,0,0,17.1,19,6,16,11,1,1,0,0,0,0,3.12,1.73
Ryan Zeferjahn,LAA,27,12,0,0,0,17.0,7,4,18,6,0,0,0,0,0,0,2.12,0.76
Yerry Rodriguez,TEX,27,12,0,0,0,17.0,16,13,12,11,5,1,0,0,0,0,6.88,1.59
Zack Thompson,STL,27,5,2,0,0,17.0,24,18,20,8,6,0,2,0,0,0,9.53,1.88
Brad Keller,CWS,29,5,2,0,0,16.2,17,9,13,6,5,0,2,0,0,0,4.86,1.38
JT Chargois,MIA,34,15,0,0,0,16.2,15,3,12,7,3,1,0,0,0,0,1.62,1.32
Dallas Keuchel,MIL,37,4,4,0,0,16.2,23,10,11,8,3,0,0,0,0,0,5.40,1.86
Alex Cobb,CLE,37,3,3,0,0,16.1,14,5,10,3,1,2,1,0,0,0,2.76,1.04
Ryne Stanek,NYM,33,17,0,0,0,16.1,13,11,23,8,3,1,0,0,0,3,6.06,1.29
Michael Tonkin,MIN,35,13,0,0,0,16.1,18,7,22,7,0,0,0,0,0,0,3.86,1.53
Josh Sborz,TEX,31,17,0,0,0,16.1,16,7,17,4,1,2,2,0,0,8,3.86,1.22
Dylan Floro,ARI,34,15,0,0,0,16.1,23,17,8,4,4,3,1,0,0,2,9.37,1.65
Mike Baumann,SEA,29,18,0,0,0,16.1,13,10,16,8,4,2,0,0,2,3,5.51,1.29
Matt Sauer,KC,26,14,0,0,0,16.1,23,14,9,11,3,0,0,0,0,0,7.71,2.08
Roansy Contreras,PIT,25,12,0,0,0,16.1,19,8,16,8,3,1,0,0,1,0,4.41,1.65
Yosver Zulueta,CIN,27,12,0,0,0,16.1,15,9,20,7,2,0,0,0,0,0,4.96,1.35
Tristan Beck,SF,28,7,1,0,0,16.0,14,3,14,4,2,0,0,0,0,0,1.69,1.13
Mike Clevinger,CWS,34,4,4,0,0,16.0,22,12,15,9,4,0,3,0,0,0,6.75,1.94
Jose Cisnero,LAA,35,15,0,0,0,15.2,18,12,17,8,4,0,0,0,1,1,6.89,1.66
Matt Bowman,BAL,33,15,1,0,0,15.2,15,6,14,6,2,1,0,0,0,0,3.45,1.34
Yency Almonte,CHC,30,17,0,0,0,15.2,9,6,20,8,1,1,0,1,1,6,3.45,1.09
Brock Stewart,MIN,33,16,0,0,0,15.2,15,9,20,8,2,0,0,0,0,7,5.17,1.47
Thyago Vieira,ARI,31,11,0,0,0,15.2,11,5,14,9,2,0,1,0,0,1,2.87,1.28
Grant Holman,OAK,24,18,0,0,0,15.2,17,7,16,9,1,1,1,0,1,5,4.02,1.66
Tyler Wells,BAL,30,3,3,0,0,15.1,18,10,13,3,3,0,2,0,0,0,5.87,1.37
Hector Neris,HOU,35,16,0,0,0,15.1,14,8,18,2,4,2,1,1,0,5,4.70,1.04
Luis Garcia,BOS,38,15,0,0,0,15.1,24,14,13,1,4,0,0,0,1,3,8.22,1.63
Julian Merryweather,CHC,33,15,0,0,0,15.0,18,11,14,9,0,1,1,0,1,2,6.60,1.80
Sammy Peralta,CWS,26,9,0,0,0,15.0,21,8,11,7,2,0,0,0,0,1,4.80,1.87
Alek Jacob,SD,26,7,0,0,0,14.2,9,4,19,2,1,0,0,0,0,0,2.45,0.75
Tom Cosgrove,SD,28,18,0,0,0,14.2,23,19,15,6,3,0,1,0,0,2,11.66,1.98
Daniel Palencia,CHC,25,10,0,0,0,14.2,14,10,16,12,0,0,1,1,0,0,6.14,1.77
Abner Uribe,MIL,24,14,0,0,0,14.1,15,11,14,12,1,2,2,3,2,0,6.91,1.88
Brandon Williamson,CIN,26,4,3,0,0,14.1,10,6,12,5,4,0,0,0,0,0,3.77,1.05
Deivi Garcia,CWS,25,14,0,0,0,14.0,16,11,15,11,2,1,2,1,1,0,7.07,1.93
Lucas Sims,BOS,30,15,0,0,0,14.0,11,10,9,10,2,0,2,0,2,4,6.43,1.50
Tyler Beede,CLE,31,13,0,0,0,14.0,16,13,18,9,2,1,0,0,0,2,8.36,1.79
Michael Petersen,LAD,30,11,0,0,0,14.0,14,10,11,8,3,3,0,0,0,1,6.43,1.57
Hunter Bigge,TB,26,15,1,0,0,14.0,14,4,19,3,2,0,0,1,0,2,2.57,1.21
Darius Vines,ATL,26,4,2,0,0,13.2,21,13,9,4,4,0,1,0,0,0,8.56,1.83
Miguel Castro,ARI,30,11,0,0,0,13.2,20,9,8,3,3,0,0,0,0,1,5.93,1.68
Brock Burke,TEX,28,13,0,0,0,13.2,21,14,16,9,3,0,0,0,0,0,9.22,2.20
Joely Rodriguez,BOS,33,14,0,0,0,13.2,19,9,12,2,3,0,1,0,1,4,5.93,1.54
Alex Young,NYM,31,14,0,0,0,13.2,11,5,13,7,2,0,0,0,0,1,3.29,1.32
Mike Baumann,MIA,29,11,0,0,0,13.2,11,10,18,7,1,0,1,0,0,3,6.59,1.32
Max Lazar,PHI,25,11,0,0,0,13.2,13,7,9,2,2,0,0,0,0,0,4.61,1.10
Jordan Romano,TOR,31,15,0,0,0,13.2,16,10,13,4,4,1,2,8,1,0,6.59,1.46
Matt Barnes,WSH,34,14,0,0,0,13.1,16,10,10,4,1,0,0,0,0,0,6.75,1.50
Nick Ramirez,LAD,35,8,0,0,0,13.1,18,9,5,7,0,0,0,0,0,0,6.08,1.88
Jose Cuas,CHC,30,9,0,0,0,13.1,16,11,14,6,3,0,0,0,0,0,7.43,1.65
Ryan Miller,LAA,28,13,0,0,0,13.0,13,6,11,8,2,0,1,0,1,1,4.15,1.62
Sam Aldegheri,LAA,23,3,3,0,0,13.0,15,7,10,10,2,1,2,0,0,0,4.85,1.92
Michael Mercado,PHI,25,5,2,0,0,13.0,16,16,10,9,9,1,2,0,0,0,11.08,1.92
Trevor Richards,MIN,31,10,0,0,0,13.0,8,6,13,11,0,0,1,1,0,0,4.15,1.46
Shaun Anderson,MIA,30,4,2,0,0,13.0,28,13,7,0,3,0,2,0,0,0,9.00,2.15
Tyler Mahle,TEX,30,3,3,0,0,12.2,14,7,10,4,1,0,1,0,0,0,4.97,1.42
Shawn Armstrong,STL,34,11,0,0,0,12.2,11,4,12,2,1,1,0,0,0,0,2.84,1.03
Erik Sabrowski,CLE,27,8,0,0,0,12.2,6,0,19,4,0,0,0,1,0,0,0.00,0.79
Josh Walker,NYM,30,10,0,0,0,12.1,13,7,11,6,1,0,0,0,0,0,5.11,1.54
Nick Vespi,BAL,29,11,0,0,0,12.1,10,4,9,3,1,0,0,0,0,0,2.92,1.05
Nick Robertson,STL,26,8,0,0,0,12.1,15,6,14,2,3,0,0,0,0,0,4.38,1.38
Carlos Rodriguez,MIL,23,3,3,0,0,12.1,19,10,9,3,3,0,3,0,0,0,7.30,1.78
Nick Mears,MIL,28,13,0,0,0,12.1,14,10,18,3,5,0,1,0,0,6,7.30,1.38
Seth Halvorsen,COL,25,12,0,0,0,12.1,8,2,13,2,2,2,1,2,1,2,1.46,0.81
Luis Peralta,COL,24,15,0,0,0,12.1,7,1,14,5,0,0,0,0,0,2,0.73,0.97
Antonio Senzatela,COL,30,3,3,0,0,12.1,15,9,7,8,3,0,1,0,0,0,6.57,1.86
Jimmy Herget,ATL,31,8,0,0,0,12.1,13,6,15,3,2,0,1,0,0,0,4.38,1.30
Brandon Bielak,OAK,28,6,0,0,0,12.1,17,6,5,6,2,1,0,0,0,0,4.38,1.86
Zach Plesac,LAA,30,3,3,0,0,12.0,12,11,5,7,4,1,1,0,0,0,8.25,1.58
Shane Bieber,CLE,29,2,2,0,0,12.0,10,0,20,1,0,2,0,0,0,0,0.00,0.92
Ben Heller,PIT,33,8,0,0,0,12.0,19,15,15,6,1,0,1,0,0,0,11.25,2.08
Joey Wentz,PIT,27,8,0,0,0,12.0,6,2,13,6,0,1,0,0,0,0,1.50,1.00
John McMillon,MIA,27,10,0,0,0,12.0,7,2,13,5,1,2,1,0,0,2,1.50,1.00
Nick Avila,SF,27,8,0,0,0,11.2,17,11,14,3,2,1,0,0,0,0,8.49,1.71
Peter Strzelecki,CLE,30,10,0,0,0,11.2,11,3,9,3,1,0,0,0,0,1,2.31,1.20
Jake Bloss,HOU,23,3,3,0,0,11.2,16,9,11,3,5,0,1,0,0,0,6.94,1.63
Tyson Miller,SEA,29,9,0,0,0,11.2,8,4,12,1,2,0,0,0,0,1,3.09,0.77
Kumar Rocker,TEX,25,3,3,0,0,11.2,12,5,14,6,1,0,2,0,0,0,3.86,1.54
Cole Sulser,TB,34,6,2,0,0,11.2,3,0,8,6,0,1,0,0,0,0,0.00,0.77
Yoendrys Gomez,NYY,25,5,0,0,0,11.1,11,5,10,7,2,0,0,0,0,0,3.97,1.59
Johnny Cueto,LAA,39,2,2,0,0,11.1,14,9,6,3,4,0,2,0,0,0,7.15,1.50
Logan Gillaspie,SD,27,9,0,0,0,11.1,15,9,7,0,2,0,0,0,0,0,7.15,1.32
Anthony Veneziano,MIA,27,10,0,0,0,11.1,12,4,12,2,1,1,0,0,0,1,3.18,1.24
Kevin Herget,MIL,33,7,0,0,0,11.1,6,2,9,3,1,0,0,1,0,1,1.59,0.79
Parker Mushinski,HOU,29,10,0,0,0,11.0,11,8,3,5,1,0,0,0,0,1,6.55,1.45
Kai-Wei Teng,SF,26,4,0,0,0,11.0,15,12,7,8,2,0,0,0,0,0,9.82,2.09
Josh Rogers,COL,30,6,0,0,0,11.0,15,8,3,3,1,2,0,0,0,0,6.55,1.64
J.P. Feyereisen,LAD,32,10,0,0,0,11.0,11,10,9,5,3,0,1,1,0,0,8.18,1.45
Sean Reynolds,SD,26,9,0,0,0,11.0,10,1,21,5,0,0,0,0,0,0,0.82,1.36
Ryan Borucki,PIT,30,14,0,0,0,11.0,14,9,13,4,2,0,0,0,1,3,7.36,1.64
James Paxton,BOS,36,3,3,0,0,11.0,13,5,9,2,1,1,1,0,0,0,4.09,1.36
Jacob deGrom,TEX,36,3,3,0,0,10.2,11,2,14,1,1,0,0,0,0,0,1.69,1.13
Ricardo Pinto,PHI,31,6,0,0,0,10.2,19,13,8,5,2,0,0,1,0,0,10.97,2.25
Jaden Hill,COL,25,9,0,0,0,10.2,8,6,6,4,2,0,0,0,0,1,5.06,1.13
Joan Adon,WSH,26,8,1,0,0,10.2,12,8,6,4,2,0,0,0,0,0,6.75,1.50
Kyle Nelson,ARI,28,11,0,0,0,10.2,8,5,8,4,2,0,0,0,1,2,4.22,1.13
Austin Warren,SF,29,6,0,0,0,10.2,9,2,7,5,1,0,0,0,0,0,1.69,1.31
Caleb Kilian,CHC,27,2,1,0,0,10.2,11,5,7,6,2,0,1,0,0,0,4.22,1.59
Humberto Castellanos,ARI,26,7,0,0,0,10.1,11,6,7,4,0,0,0,1,0,0,5.23,1.45
Kirby Snead,SEA,30,11,0,0,0,10.1,12,5,7,7,0,0,0,0,0,0,4.35,1.84
Jacob Lopez,TB,26,4,1,0,0,10.1,5,6,8,7,2,0,0,0,0,0,5.23,1.16
Caden Dana,LAA,21,3,3,0,0,10.1,14,11,8,7,5,1,2,0,0,0,9.58,2.03
Joey Lucchesi,NYM,31,2,2,0,0,10.1,8,6,7,8,1,0,2,0,0,0,5.23,1.55
Mitch White,TOR,30,4,0,0,0,10.0,10,6,6,4,1,1,0,0,0,0,5.40,1.40
Jacob Waguespack,TB,31,4,1,0,0,10.0,13,6,11,10,1,0,0,0,0,0,5.40,2.30
Diego Castillo,MIN,31,7,0,0,0,10.0,8,3,6,8,0,0,0,0,0,0,2.70,1.60
Sean Newcomb,OAK,31,7,0,0,0,10.0,9,7,7,8,2,1,0,0,0,0,6.30,1.70
Daulton Jefferies,PIT,29,4,0,0,0,10.0,10,7,8,2,2,0,0,0,0,0,6.30,1.20
Jesus Tinoco,TEX,29,9,0,0,0,10.0,11,9,9,7,2,0,0,0,0,1,8.10,1.80
Tyler Matzek,ATL,34,11,0,0,0,10.0,16,11,10,3,3,0,0,0,0,2,9.90,1.90
Luis Guerrero,BOS,24,9,0,0,0,10.0,6,0,9,2,0,0,0,0,0,3,0.00,0.80
Jack O'Loughlin,OAK,24,4,0,0,0,9.2,13,5,6,5,1,0,0,0,0,1,4.66,1.86
Jhonathan Diaz,SEA,28,5,1,0,0,9.2,14,5,8,3,2,0,1,0,0,0,4.66,1.76
Mason Montgomery,TB,24,9,0,0,0,9.2,6,2,17,5,0,0,0,0,0,3,1.86,1.14
Randy Dobnak,MIN,30,5,0,0,0,9.2,11,6,7,5,1,0,0,0,0,0,5.59,1.66
Nick Burdi,NYY,32,12,0,0,0,9.2,5,2,12,9,1,1,0,0,0,3,1.86,1.45
Elieser Hernandez,LAD,29,5,1,0,0,9.2,9,9,6,3,5,0,1,0,0,0,8.38,1.24
Lake Bachar,MIA,29,10,0,0,0,9.1,10,4,11,4,2,0,1,0,0,5,3.86,1.50
Mike Baumann,LAA,29,10,0,0,0,9.1,14,7,7,4,2,0,0,0,0,1,6.75,1.93
Casey Legumina,CIN,27,6,0,0,0,9.1,15,9,7,2,2,0,0,0,0,0,8.68,1.82
Spencer Strider,ATL,26,2,2,0,0,9.0,10,7,12,5,2,0,0,0,0,0,7.00,1.67
Josh Winder,MIN,28,4,0,0,0,9.0,7,3,10,1,0,0,0,0,0,0,3.00,0.89
Geoff Hartlieb,COL,31,5,0,0,0,9.0,13,9,7,4,1,0,0,0,0,1,9.00,1.89
Tyler Duffey,KC,34,9,0,0,0,9.0,7,5,10,8,0,1,0,0,0,1,5.00,1.67
Yimi Garcia,SEA,34,10,0,0,0,9.0,7,6,7,4,3,0,0,0,1,3,6.00,1.22
Paolo Espino,TOR,38,3,1,0,0,8.2,14,8,3,5,3,0,1,0,0,0,8.31,2.19
Matt Carasiti,COL,33,7,0,0,0,8.2,16,10,7,3,2,0,1,0,0,2,10.38,2.19
Andrew Walters,CLE,24,9,1,0,0,8.2,1,0,6,5,0,1,0,0,0,0,0.00,0.69
Chase Shugart,BOS,28,6,0,0,0,8.2,8,4,8,3,1,0,0,1,0,0,4.15,1.27
Yohan Ramirez,NYM,29,5,0,0,0,8.1,11,7,11,4,1,0,1,0,1,0,7.56,1.80
Tyler Gilbert,PHI,31,6,0,0,0,8.1,10,3,4,2,1,0,0,0,0,0,3.24,1.44
Ben Casparius,LAD,26,3,0,0,0,8.1,9,2,12,4,0,2,0,0,0,0,2.16,1.56
Jake Woodford,CWS,28,2,2,0,0,8.1,15,10,7,5,2,0,2,0,0,0,10.80,2.40
Phil Bickford,NYY,29,8,0,0,0,8.1,10,8,6,1,1,0,0,0,0,0,8.64,1.32
Jackson Rutledge,WSH,25,3,1,0,0,8.1,8,3,9,2,1,0,0,0,0,0,3.24,1.20
Josiah Gray,WSH,27,2,2,0,0,8.1,15,13,9,5,2,0,2,0,0,0,14.04,2.40
Mitch White,MIL,30,6,0,0,0,8.1,8,6,6,4,2,0,1,0,0,0,6.48,1.44
Pedro Avila,SD,28,4,0,0,0,8.0,5,8,9,6,1,1,0,0,0,0,9.00,1.38
Chase Silseth,LAA,24,2,2,0,0,8.0,8,6,12,4,3,0,1,0,0,0,6.75,1.50
Vinny Nittoli,OAK,34,7,0,0,0,8.0,8,2,5,2,1,0,1,0,0,1,2.25,1.25
Janson Junk,MIL,29,5,0,0,0,8.0,16,6,8,2,2,0,0,0,0,0,6.75,2.25
Riley O'Brien,STL,30,8,0,0,0,8.0,13,10,11,8,2,0,0,0,1,0,11.25,2.63
Joel Kuhnel,TB,30,5,0,0,0,8.0,4,1,4,0,1,0,0,0,0,0,1.13,0.50
Nick Hernandez,HOU,30,5,0,0,0,8.0,10,7,10,1,4,0,0,0,0,0,7.88,1.38
Connor Gillispie,CLE,27,3,0,0,0,8.0,4,2,8,5,0,0,0,0,0,0,2.25,1.13
Allan Winans,ATL,29,2,2,0,0,7.2,14,13,4,4,3,0,2,0,0,0,15.26,2.35
Gordon Graceffo,STL,24,2,1,0,0,7.2,7,4,6,2,1,0,1,0,0,0,4.70,1.17
Rob Zastryzny,MIL,32,9,3,0,0,7.2,4,1,5,1,0,1,0,0,0,0,1.17,0.65
Matt Bowman,MIN,33,5,0,0,0,7.2,2,2,6,4,1,0,0,0,0,3,2.35,0.78
Shawn Armstrong,CHC,34,8,0,0,0,7.1,10,4,4,4,0,0,1,0,0,2,4.91,1.91
Brusdar Graterol,LAD,26,7,0,0,0,7.1,3,2,7,2,0,0,0,0,0,0,2.45,0.68
Gregory Santos,SEA,25,8,0,0,0,7.1,7,4,6,1,0,0,1,0,1,2,4.91,1.09
Austin Davis,SD,32,7,0,0,0,7.0,6,7,6,5,0,0,0,0,0,0,9.00,1.57
Nabil Crismatt,LAD,30,5,0,0,0,7.0,7,2,6,0,1,1,1,0,0,0,2.57,1.00
Michael Tonkin,NYM,35,5,0,0,0,7.0,8,4,6,2,1,1,2,0,0,0,5.14,1.43
Wade Miley,MIL,38,2,2,0,0,7.0,6,5,2,4,1,0,1,0,0,0,6.43,1.43
Brooks Raley,NYM,36,8,0,0,0,7.0,2,0,9,3,0,1,0,0,0,4,0.00,0.71
Hurston Waldrep,ATL,23,2,2,0,0,7.0,9,13,3,8,3,0,1,0,0,0,16.71,2.43
Josh Maciejewski,NYY,29,4,0,0,0,7.0,4,2,7,2,1,0,0,0,0,0,2.57,0.86
Austin Kitchen,MIA,28,4,1,0,0,7.0,16,11,4,3,1,0,1,0,0,0,14.14,2.71
Brandon Eisert,TOR,27,3,0,0,0,6.2,5,3,2,4,0,0,0,0,0,0,4.05,1.35
Matt Foster,CWS,30,6,1,0,0,6.2,5,2,4,5,1,0,1,0,0,1,2.70,1.50
Jonathan Bermudez,MIA,29,3,1,0,0,6.2,11,6,4,2,2,0,1,0,0,0,8.10,1.95
Grant Hartwig,NYM,27,4,0,0,0,6.2,6,5,4,4,1,0,0,0,0,0,6.75,1.50
Matt Bowman,ARI,33,4,0,0,0,6.2,8,6,4,2,1,0,0,0,0,0,8.10,1.50
John Brebbia,ATL,34,5,0,0,0,6.2,4,2,9,2,2,0,0,0,0,0,2.70,0.90
Kyle Hurt,LAD,26,3,1,0,0,6.2,8,1,3,1,0,0,1,0,0,0,1.35,1.35
Isaiah Campbell,BOS,27,8,0,0,0,6.2,14,12,6,2,3,0,1,0,1,2,16.20,2.40
Luis Frias,ARI,26,7,0,0,0,6.1,11,7,7,4,1,0,1,0,1,0,9.95,2.37
Brandon Leibrandt,CIN,32,2,0,0,0,6.1,11,7,5,2,3,0,0,0,0,0,9.95,2.05
Enyel De Los Santos,NYY,29,5,0,0,0,6.1,13,10,5,3,1,0,0,0,0,0,14.21,2.53
Chase Anderson,TEX,37,2,0,0,0,6.1,9,7,7,2,2,0,0,0,0,0,9.95,1.74
Matt Andriese,MIA,35,4,0,0,0,6.0,7,4,7,1,2,0,1,0,0,0,6.00,1.33
J.B. Bukauskas,MIL,28,6,0,0,0,6.0,3,1,6,1,1,0,0,0,0,1,1.50,0.67
Trey Wingenter,CHC,30,5,0,0,0,6.0,8,2,3,2,1,0,0,0,0,0,3.00,1.67
Elieser Hernandez,MIL,29,4,0,0,0,6.0,5,2,2,2,0,0,0,0,0,0,3.00,1.17
Jairo Iriarte,CWS,23,6,0,0,0,6.0,3,1,6,8,0,0,1,0,0,0,1.50,1.83
Darren McCaughan,CLE,28,2,0,0,0,6.0,9,6,1,6,2,0,0,0,0,0,9.00,2.50
Yohan Ramirez,BAL,29,5,0,0,0,6.0,3,4,6,2,0,0,0,0,0,0,6.00,0.83
Gus Varland,LAD,28,7,0,0,0,6.0,7,2,3,4,1,0,0,0,0,0,3.00,1.83
Luis Contreras,HOU,28,5,0,0,0,6.0,7,6,6,2,0,0,0,0,0,0,9.00,1.50
Jack Neely,CHC,24,6,0,0,0,6.0,8,6,7,2,2,0,0,0,0,0,9.00,1.67
Daniel Robert,TEX,30,4,0,0,0,5.2,6,2,6,2,1,1,0,0,0,1,3.18,1.41
Brett de Geus,MIA,27,7,0,0,0,5.2,7,4,4,2,0,0,2,0,0,0,6.35,1.59
Zach Brzykcy,WSH,25,6,0,0,0,5.2,9,9,4,3,2,0,0,0,0,0,14.29,2.12
Will Klein,KC,25,5,0,0,0,5.2,10,4,6,2,0,1,0,0,0,0,6.35,2.12
Justin Bruihl,PIT,27,7,0,0,0,5.2,9,6,5,1,1,0,0,0,1,0,9.53,1.76
Michael Petersen,MIA,30,5,0,0,0,5.2,7,3,3,3,0,0,1,0,1,0,4.76,1.76
Steven Cruz,KC,25,5,0,0,0,5.2,1,0,4,0,0,0,0,0,0,0,0.00,0.18
Richard Lovelady,CHC,29,7,0,0,0,5.2,9,5,6,2,1,0,1,0,1,2,7.94,1.94
Hunter Harvey,KC,30,6,0,0,0,5.2,8,4,5,4,1,0,0,1,1,2,6.35,2.12
Casey Kelly,CIN,35,2,0,0,0,5.1,5,3,4,1,1,0,0,1,0,0,5.06,1.13
Amir Garrett,LAA,32,6,0,0,0,5.1,4,3,11,5,1,0,0,0,0,0,5.06,1.69
Kodai Senga,NYM,32,1,1,0,0,5.1,2,2,9,1,1,1,0,0,0,0,3.38,0.56
Mitch White,SF,30,3,0,0,0,5.1,8,7,1,5,1,0,0,0,0,0,11.81,2.44
Nick Nelson,PHI,29,4,0,0,0,5.1,8,3,8,2,0,0,0,0,0,0,5.06,1.88
Jose Hernandez,PIT,27,7,0,0,0,5.1,5,2,4,4,1,1,1,1,0,1,3.38,1.69
Victor Mederos,LAA,23,4,0,0,0,5.1,7,7,5,6,1,0,1,0,1,0,11.81,2.44
Isaac Mattson,PIT,29,3,0,0,0,5.1,1,3,6,5,0,0,0,0,0,0,5.06,1.13
Jonathan Heasley,BAL,28,4,0,0,0,5.1,10,10,4,3,2,0,1,0,0,0,16.88,2.44
Spencer Howard,CLE,28,2,1,0,0,5.0,11,5,6,3,3,0,1,0,0,0,9.00,2.80
Wes Parsons,TOR,32,2,0,0,0,5.0,6,6,2,2,2,0,0,0,0,0,10.80,1.60
Quinn Priester,BOS,24,1,1,0,0,5.0,4,1,2,1,0,1,0,0,0,0,1.80,1.00
Jordan Lyles,KC,34,5,0,0,0,5.0,2,0,3,2,0,0,0,0,0,0,0.00,0.80
Tyler Jay,NYM,30,3,0,0,0,4.2,7,4,3,3,0,0,0,0,0,0,7.71,2.14
Daulton Jefferies,SF,29,2,1,0,0,4.2,14,9,4,2,2,0,2,0,0,0,17.36,3.43
Yerry Rodriguez,TOR,27,4,0,0,0,4.2,10,8,5,2,2,0,0,0,0,0,15.43,2.57
Cole Sulser,NYM,34,4,0,0,0,4.2,6,5,7,3,1,0,0,0,0,1,9.64,1.93
Tucker Davidson,BAL,28,1,0,0,0,4.2,4,0,1,2,0,1,0,0,0,0,0.00,1.29
Easton Lucas,TOR,28,2,0,0,0,4.2,6,6,2,4,1,0,0,0,0,1,11.57,2.14
Ty Adcock,NYM,28,3,0,0,0,4.1,7,7,3,2,4,0,0,0,0,1,14.54,2.08
AJ Smith-Shawver,ATL,22,1,1,0,0,4.1,3,0,4,2,0,0,0,0,0,0,0.00,1.15
Eli Villalobos,MIA,29,3,0,0,0,4.1,3,1,3,2,1,0,0,0,0,0,2.08,1.15
Austin Pruitt,TEX,35,4,0,0,0,4.1,8,6,1,3,3,0,0,0,0,1,12.46,2.54
Dinelson Lamet,LAD,32,3,0,0,0,4.1,2,1,3,2,1,0,0,1,0,0,2.08,0.92
Anthony Gose,CLE,34,3,0,0,0,4.1,9,5,4,1,2,0,0,0,0,0,10.38,2.31
Bryan Shaw,CWS,37,5,0,0,0,4.0,8,4,4,4,1,0,1,0,1,0,9.00,3.00
Jesus Tinoco,CHC,29,2,0,0,0,4.0,3,0,3,0,0,0,0,0,0,0,0.00,0.75
German Marquez,COL,30,1,1,0,0,4.0,5,3,3,4,1,0,0,0,0,0,6.75,2.25
Vladimir Gutierrez,MIA,29,1,0,0,0,4.0,3,3,4,2,1,0,0,0,1,0,6.75,1.25
Alan Busenitz,CIN,34,3,0,0,0,4.0,9,6,3,0,1,0,0,0,0,0,13.50,2.25
Jonathan Loaisiga,NYY,30,3,0,0,0,4.0,7,0,3,1,0,1,0,0,1,0,0.00,2.00
Wes Parsons,CLE,32,2,0,0,0,4.0,4,0,5,0,0,0,0,0,0,0,0.00,1.00
Gerardo Reyes,OAK,31,3,0,0,0,4.0,4,2,2,3,0,0,0,0,0,0,4.50,1.75
Colin Selby,BAL,27,3,0,0,0,4.0,1,0,5,2,0,0,0,0,0,0,0.00,0.75
Daniel Duarte,MIN,28,2,0,0,0,4.0,2,1,3,1,1,1,0,0,0,0,2.25,0.75
Caleb Boushley,MIN,31,2,0,0,0,4.0,6,2,1,2,0,0,0,0,0,0,4.50,2.00
Chayce McDermott,BAL,26,1,1,0,0,4.0,5,3,3,2,1,0,0,0,0,0,6.75,1.75
Vinny Nittoli,BAL,34,2,0,0,0,4.0,2,0,3,0,0,0,0,0,0,0,0.00,0.50
Jackson Jobe,DET,22,2,0,0,0,4.0,1,0,2,1,0,0,0,0,0,0,0.00,0.50
Justin Sterner,TB,28,2,0,0,0,4.0,5,1,4,1,0,0,0,0,0,0,2.25,1.50
Naoyuki Uwasawa,BOS,31,2,0,0,0,4.0,2,1,3,2,0,0,0,0,0,0,2.25,1.00
Zach Penrod,BOS,27,7,0,0,0,4.0,3,1,3,4,0,0,0,0,0,2,2.25,1.75
Rich Hill,BOS,44,4,0,0,0,3.2,1,2,5,3,1,0,1,0,0,0,4.91,1.09
Easton Lucas,OAK,28,3,0,0,0,3.2,8,6,6,3,0,0,0,0,0,0,14.73,3.00
Clayton Beeter,NYY,26,3,0,0,0,3.2,4,2,5,1,0,0,0,0,0,0,4.91,1.36
Dan Altavilla,KC,32,5,1,0,0,3.2,5,6,5,3,1,0,1,0,0,0,14.73,2.18
Cole Irvin,MIN,31,4,0,0,0,3.2,6,5,2,4,1,0,1,0,0,0,12.27,2.73
Shaun Anderson,TEX,30,2,0,0,0,3.1,6,2,3,1,0,0,0,0,0,0,5.40,2.10
Luis Frias,TOR,26,4,0,0,0,3.1,8,8,5,3,1,0,0,0,0,0,21.60,3.30
Dillon Tate,TOR,30,4,0,0,0,3.1,4,2,4,3,0,0,0,0,0,1,5.40,2.10
Brent Honeywell,PIT,29,2,0,0,0,3.1,3,1,1,2,0,0,0,0,0,0,2.70,1.50
Forrest Whitley,HOU,27,3,0,0,0,3.1,5,0,5,3,0,0,0,0,0,0,0.00,2.40
Jackson Stephens,ATL,30,3,0,0,0,3.1,5,1,2,1,1,0,0,0,0,0,2.70,1.80
Riley Pint,COL,27,4,0,0,0,3.1,5,8,7,5,2,0,0,0,0,0,21.60,3.00
David Buchanan,CIN,35,1,0,0,0,3.1,2,1,1,2,0,0,0,0,0,0,2.70,1.20
Tyler Zuber,TB,29,2,0,0,0,3.1,3,1,4,2,1,0,0,0,0,0,2.70,1.50
Brett de Geus,SEA,27,4,0,0,0,3.1,4,1,2,0,0,0,0,0,0,0,2.70,1.20
Easton Lucas,DET,28,3,0,0,0,3.1,3,2,2,2,0,1,0,0,0,0,5.40,1.50
Scott Effross,NYY,31,3,0,0,0,3.1,3,2,2,2,1,0,0,0,0,0,5.40,1.50
Mike Burrows,PIT,25,1,0,0,0,3.1,2,1,2,3,1,1,0,0,0,0,2.70,1.50
Edgardo Henriquez,LAD,22,3,0,0,0,3.1,2,1,5,2,0,0,0,1,0,0,2.70,1.20
Hunter Bigge,CHC,26,4,0,0,0,3.1,3,1,5,2,0,0,0,0,0,0,2.70,1.50
Orlando Ribalta,WSH,27,4,0,0,0,3.1,10,5,3,2,0,0,0,0,0,0,13.50,3.60
Colin Selby,KC,27,2,0,0,0,3.0,2,2,0,2,0,0,0,0,0,0,6.00,1.33
Brent Headrick,MIN,27,1,0,0,0,3.0,2,1,5,2,1,0,0,0,0,0,3.00,1.33
Jose Cuas,TOR,30,4,0,0,0,3.0,3,3,3,4,1,0,0,0,0,0,9.00,2.33
Cristian Mena,ARI,22,1,1,0,0,3.0,4,4,2,3,2,0,0,0,0,0,12.00,2.33
Tyler Jay,MIL,30,2,0,0,0,3.0,2,0,3,3,0,0,0,0,0,0,0.00,1.67
Trevor McDonald,SF,24,1,0,0,0,3.0,0,0,1,1,0,0,0,0,0,0,0.00,0.33
Owen White,TEX,25,3,0,0,0,3.0,9,8,0,1,1,0,0,0,0,0,24.00,3.33
Jonathan Bowlan,KC,28,1,1,0,0,2.2,6,4,3,3,3,0,1,0,0,0,13.50,3.38
Julio Teheran,NYM,34,1,1,0,0,2.2,6,4,3,2,1,0,0,0,0,0,13.50,3.00
Justin Topa,MIN,33,3,0,0,0,2.1,1,0,2,0,0,0,0,0,0,0,0.00,0.43
Trey Wingenter,BOS,30,2,0,0,0,2.1,5,7,3,2,1,0,0,0,0,0,27.00,3.00
Parker Dunshee,ATL,30,1,0,0,0,2.1,4,5,3,2,2,0,0,0,0,0,19.29,2.57
Seth Johnson,PHI,26,1,1,0,0,2.1,8,9,0,3,1,0,1,0,0,0,34.71,4.71
John Curtiss,COL,31,3,0,0,0,2.1,6,4,1,0,2,0,0,0,0,0,15.43,2.57
Jonathan Hernandez,SEA,28,3,0,0,0,2.1,2,3,3,2,0,0,0,0,0,0,11.57,1.71
Brett de Geus,TOR,27,2,0,0,0,2.1,3,4,1,2,0,0,0,0,0,0,15.43,2.14
Ryan Loutos,STL,26,3,0,0,0,2.1,2,0,0,1,0,0,0,0,0,0,0.00,1.29
Eduardo Salazar,LAD,26,1,0,0,0,2.0,3,0,3,2,0,0,0,0,0,0,0.00,2.50
Anthony Veneziano,KC,27,2,0,0,0,2.0,4,1,2,1,0,0,0,0,0,0,4.50,2.50
Tejay Antone,CIN,31,4,0,0,0,2.0,2,1,2,4,0,0,0,0,0,0,4.50,3.00
Joel Kuhnel,HOU,30,1,0,0,0,2.0,4,4,1,0,0,0,0,0,0,0,18.00,2.00
Ricky Vanasco,DET,26,2,0,0,0,2.0,0,0,0,0,0,1,0,0,0,1,0.00,0.00
Ricky Vanasco,LAD,26,2,0,0,0,2.0,3,3,1,0,0,0,0,0,0,0,13.50,1.50
Connor Brogdon,PHI,30,3,0,0,0,2.0,3,6,3,6,2,0,1,0,0,0,27.00,4.50
Zac Kristofak,LAA,27,1,0,0,0,2.0,3,0,2,2,0,0,0,0,0,0,0.00,2.50
Zach Logue,LAD,28,2,0,0,0,2.0,6,4,4,0,1,0,0,0,0,0,18.00,3.00
Dylan Dodd,ATL,26,1,0,0,0,2.0,4,2,2,1,0,0,0,0,0,0,9.00,2.50
Jake Eder,CWS,26,1,0,0,0,2.0,2,1,1,1,0,0,0,0,0,0,4.50,1.50
Ian Gibaut,CIN,31,2,0,0,0,2.0,3,1,1,1,0,0,0,0,0,0,4.50,2.00
Alex Speas,HOU,27,1,0,0,0,2.0,2,1,2,1,1,0,0,0,0,0,4.50,1.50
Alex Young,CIN,31,3,0,0,0,2.0,4,0,2,0,0,0,0,0,0,0,0.00,2.00
Brady Feigl,PIT,34,1,0,0,0,1.2,7,6,0,0,1,0,0,0,0,0,32.40,4.20
Will Klein,OAK,25,3,0,0,0,1.2,2,5,1,4,0,0,0,0,0,0,27.00,3.60
Joe Jacques,BOS,29,1,0,0,0,1.2,3,1,2,0,0,0,0,0,0,0,5.40,1.80
Eric Orze,NYM,27,2,0,0,0,1.2,3,4,1,2,1,0,1,0,0,0,21.60,3.00
Gavin Hollowell,CHC,27,1,0,0,0,1.1,2,0,1,0,0,0,0,0,0,0,0.00,1.50
Yohan Ramirez,BOS,29,1,0,0,0,1.1,3,2,1,0,0,0,0,0,0,0,13.50,2.25
Andrew Wantz,LAA,29,1,0,0,0,1.1,1,1,3,1,1,0,0,0,0,0,6.75,1.50
Joe Jacques,ARI,29,1,0,0,0,1.1,3,2,0,1,1,0,0,0,0,0,13.50,3.00
Amos Willingham,WSH,26,1,0,0,0,1.0,2,2,1,0,1,0,0,0,0,0,18.00,2.00
Nick Robertson,TOR,26,1,0,0,0,1.0,0,0,0,0,0,0,0,0,0,0,0.00,0.00
Marc Church,TEX,23,1,0,0,0,1.0,1,0,1,0,0,0,0,0,0,0,0.00,1.00
Anthony Misiewicz,NYY,30,1,0,0,0,1.0,2,0,1,1,0,0,0,0,0,0,0.00,3.00
Connor Brogdon,LAD,30,1,0,0,0,1.0,2,2,0,0,2,0,0,0,0,0,18.00,2.00
Lucas Gilbreath,COL,29,3,0,0,0,1.0,7,6,0,1,1,0,0,0,0,0,54.00,8.00
Raymond Burgos,SF,26,1,0,0,0,1.0,3,1,1,1,0,0,0,0,0,0,9.00,4.00
James Meeker,MIL,29,1,0,0,0,1.0,1,0,0,1,0,0,0,0,0,0,0.00,2.00
Bradley Blalock,MIL,24,1,0,0,0,1.0,0,0,0,1,0,0,0,0,0,0,0.00,1.00
Andrew Saalfrank,ARI,27,2,0,0,0,1.0,2,4,0,4,0,0,0,0,0,0,36.00,6.00
Chasen Shreve,COL,34,1,0,0,0,1.0,1,0,0,0,0,0,0,0,0,0,0.00,1.00
Matt Krook,BAL,30,1,0,0,0,1.0,1,2,2,1,1,0,0,0,0,0,18.00,2.00
Enoli Paredes,CHC,29,1,0,0,0,1.0,0,0,2,0,0,0,0,0,0,0,0.00,0.00
Matt Festa,NYM,31,1,0,0,0,1.0,4,4,1,1,0,0,1,0,0,0,36.00,5.00
Dylan Coleman,HOU,28,1,0,0,0,1.0,0,0,1,1,0,0,0,0,0,0,0.00,1.00
Adam Kloffenstein,STL,24,1,0,0,0,1.0,0,0,0,0,0,0,0,0,0,1,0.00,0.00
Miguel Diaz,HOU,30,1,0,0,0,1.0,0,0,0,0,0,0,0,0,0,0,0.00,0.00
Mike Baumann,SF,29,1,0,0,0,0.2,3,2,1,0,0,0,0,0,0,0,27.00,4.50
Lyon Richardson,CIN,25,1,0,0,0,0.2,2,2,1,1,1,0,0,0,0,0,27.00,4.50
Luis F. Ortiz,PHI,29,1,0,0,0,0.2,3,2,0,0,0,0,0,0,0,0,27.00,4.50
Matt Bowman,SEA,33,1,0,0,0,0.2,1,1,0,1,1,0,0,0,0,0,13.50,3.00
Walter Pennington,KC,26,1,0,0,0,0.2,0,0,1,0,0,0,0,0,0,0,0.00,0.00
Evan Kravetz,CIN,28,1,0,0,0,0.2,0,0,0,0,0,0,0,0,0,0,0.00,0.00
Evan Justice,COL,26,1,0,0,0,0.1,0,0,1,1,0,0,0,0,0,0,0.00,3.00
Clayton Andrews,NYY,28,1,0,0,0,0.1,1,1,1,0,1,0,0,0,0,0,27.00,3.00
Blair Henley,HOU,27,1,1,0,0,0.1,4,5,0,3,0,0,0,0,0,0,135.00,21.00
Matt Koch,COL,34,2,0,0,0,0.1,3,3,0,1,1,0,0,1,0,0,81.00,12.00