Player,Team,Position,Salary,Years,Total Value,Average Annual
"Ohtani, Shohei",LAD,DH/RHP,"$70,000,000",10,"$700,000,000","$70,000,000.00"
"Scherzer, Max",TEX,RHP,"$43,333,334",3,"$130,000,000","$43,333,333"
"Verlander, Justin",HOU,RHP,"$43,333,333",2,"$86,666,666","$43,333,333"
"deGrom, Jacob",TEX,RHP,"$40,000,000",5,"$185,000,000","$37,000,000"
"Judge, Aaron",NYY,OF,"$40,000,000",9,"$360,000,000","$40,000,000"
"Rendon, Anthony",LAA,3B,"$38,571,429",7,"$245,000,000","$35,000,000.00"
"Trout, Mike",LAA,OF,"$37,116,667",12,"$426,500,000","$35,541,667"
"Cole, Gerrit",NYY,RHP,"$36,000,000",9,"$324,000,000","$36,000,000"
"Seager, Corey",TEX,SS,"$35,000,000",10,"$325,000,000","$32,500,000.00"
"Corbin, Patrick",WSH,LHP,"$34,556,200",6,"$140,000,000","$23,333,333"
"Correa, Carlos",MIN,SS,"$33,333,333",6,"$200,000,000","$33,333,333"
"Strasburg, Stephen",WSH,RHP,"$32,811,200",7,"$245,000,000","$35,000,000"
"Arenado, Nolan",STL,3B,"$32,675,167",8,"$260,000,000","$32,500,000"
"Lindor, Francisco",NYM,SS,"$32,477,639",10,"$341,000,000","$34,100,000"
"Snell, Blake",SF,LHP,"$32,000,000",2,"$62,000,000","$31,000,000"
"Stanton, Giancarlo",NYY,DH,"$32,000,000",13,"$325,000,000","$25,000,000"
"Soto, Juan",NYY,OF,"$31,000,000",1,"$31,000,000","$31,000,000"
"Bregman, Alex",HOU,3B,"$30,500,000",5,"$100,000,000","$20,000,000.00"
"Altuve, Jose",HOU,2B,"$29,000,000",7,"$163,500,000","$23,357,143"
"Bryant, Kris",COL,1B,"$28,000,000",7,"$182,000,000","$26,000,000"
"Rodon, Carlos",NYY,LHP,"$27,833,333",6,"$162,000,000","$27,000,000"
"Harper, Bryce",PHI,1B,"$27,538,462",13,"$330,000,000","$25,384,615.38"
"Bellinger, Cody",CHC,OF,"$27,500,000",3,"$80,000,000","$26,666,667"
"Turner, Trea",PHI,SS,"$27,272,727",11,"$300,000,000","$27,272,727"
"Devers, Rafael",BOS,3B,"$27,066,581",10,"$313,500,000","$31,350,000"
"Betts, Mookie",LAD,SS,"$26,158,692",12,"$365,000,000","$30,416,666.67"
"Swanson, Dansby",CHC,SS,"$26,000,000",7,"$177,000,000","$25,285,714"
"Semien, Marcus",TEX,2B,"$26,000,000",7,"$175,000,000","$25,000,000"
"Bogaerts, Xander",SD,2B,"$25,454,545",11,"$280,000,000","$25,454,545"
"Goldschmidt, Paul",STL,1B,"$25,333,333",5,"$130,000,000","$26,000,000"
"Freeman, Freddie",LAD,1B,"$25,144,772",6,"$162,000,000","$27,000,000"
"Baez, Javier",DET,SS,"$25,000,000",6,"$140,000,000","$23,333,333.33"
"Moncada, Yoan",CWS,3B,"$24,800,000",5,"$70,000,000","$14,000,000"
"Nola, Aaron",PHI,RHP,"$24,571,428",7,"$172,000,000","$24,571,429"
"Yelich, Christian",MIL,OF,"$24,170,234",9,"$215,000,000","$23,888,888.89"
"Springer, George",TOR,OF,"$24,166,667",6,"$150,000,000","$25,000,000"
"Castillo, Luis",SEA,RHP,"$24,150,000",5,"$108,000,000","$21,600,000"
"Realmuto, JT",PHI,C,"$23,875,000",5,"$115,500,000","$23,100,000"
"Hernandez, Teoscar",LAD,OF,"$23,500,000",1,"$23,500,000","$23,500,000"
"Wheeler, Zack",PHI,RHP,"$23,500,000",5,"$118,000,000","$23,600,000"
"Ray, Robbie",SF,LHP,"$23,000,000",5,"$115,000,000","$23,000,000"
"Story, Trevor",BOS,SS,"$22,500,000",6,"$140,000,000","$23,333,333.33"
"Bassitt, Chris",TOR,RHP,"$22,000,000",3,"$63,000,000","$21,000,000"
"Gausman, Kevin",TOR,RHP,"$22,000,000",5,"$110,000,000","$22,000,000"
"Olson, Matt",ATL,1B,"$22,000,000",8,"$168,000,000","$21,000,000"
"Riley, Austin",ATL,3B,"$21,000,000",10,"$212,000,000","$21,200,000"
"Happ, Ian",CHC,OF,"$21,000,000",3,"$61,000,000","$20,333,333"
"Suzuki, Seiya",CHC,OF,"$21,000,000",5,"$85,000,000","$17,000,000"
"Marte, Starling",NYM,OF,"$20,750,000",4,"$78,000,000","$19,500,000"
"Alonso, Pete",NYM,1B,"$20,500,000",1,"$20,500,000","$20,500,000"
"Nimmo, Brandon",NYM,OF,"$20,500,000",8,"$162,000,000","$20,250,000"
"Morton, Charlie",ATL,RHP,"$20,000,000",1,"$20,000,000","$20,000,000"
"Musgrove, Joe",SD,RHP,"$20,000,000",5,"$100,000,000","$20,000,000"
"Castellanos, Nick",PHI,OF,"$20,000,000",5,"$100,000,000","$20,000,000"
"Schwarber, Kyle",PHI,DH,"$20,000,000",4,"$79,000,000","$19,750,000"
"Perez, Salvador",KC,C,"$20,000,000",4,"$82,000,000","$20,500,000"
"Guerrero Jr., Vladimir",TOR,1B,"$19,900,000",1,"$19,900,000","$19,900,000"
"Abreu, Jose",HOU,1B,"$19,500,000",3,"$58,500,000","$19,500,000"
"Hader, Josh",HOU,LHP,"$19,000,000",5,"$95,000,000","$19,000,000"
"Yoshida, Masataka",BOS,OF,"$18,600,000",5,"$90,000,000","$18,000,000"
"Stroman, Marcus",NYY,RHP,"$18,500,000",2,"$37,000,000","$18,500,000"
"Diaz, Edwin",NYM,RHP,"$18,256,300",5,"$102,000,000","$20,400,000"
"Berrios, Jose",TOR,RHP,"$18,000,000",7,"$131,000,000","$18,714,285.71"
"Ozuna, Marcell",ATL,DH,"$18,000,000",4,"$65,000,000","$16,250,000"
"Contreras, Willson",STL,C,"$18,000,000",5,"$87,500,000","$17,500,000"
"Taillon, Jameson",CHC,RHP,"$18,000,000",4,"$68,000,000","$17,000,000"
"Chapman, Matt",SF,3B,"$18,000,000",3,"$54,000,000","$18,000,000"
"Conforto, Michael",SF,OF,"$18,000,000",2,"$36,000,000","$18,000,000"
"Walker, Taijuan",PHI,RHP,"$18,000,000",4,"$72,000,000","$18,000,000"
"Giolito, Lucas",BOS,RHP,"$18,000,000",2,"$38,500,000","$19,250,000"
"McCullers Jr., Lance",HOU,RHP,"$17,700,000",5,"$85,000,000","$17,000,000"
"Mikolas, Miles",STL,RHP,"$17,666,667",3,"$55,750,000","$18,583,333"
"Benintendi, Andrew",CWS,OF,"$17,100,000",5,"$75,000,000","$15,000,000"
"Machado, Manny",SD,3B,"$17,090,909",11,"$350,000,000","$31,818,182"
"Acuna Jr., Ronald",ATL,OF,"$17,000,000",8,"$100,000,000","$12,500,000"
"Ramirez, Jose",CLE,3B,"$17,000,000",7,"$141,000,000","$20,142,857.14"
"Haniger, Mitch",SEA,OF,"$17,000,000",3,"$43,500,000","$14,500,000"
"Eovaldi, Nathan",TEX,RHP,"$17,000,000",2,"$34,000,000","$17,000,000"
"Rizzo, Anthony",NYY,1B,"$17,000,000",2,"$40,000,000","$20,000,000"
"Hendricks, Kyle",CHC,RHP,"$16,500,000",1,"$16,500,000","$16,500,000"
"Bell, Josh",MIA,1B,"$16,500,000",2,"$33,000,000","$16,500,000"
"Iglesias, Raisel",ATL,RHP,"$16,000,000",4,"$58,000,000","$14,500,000"
"Sale, Chris",ATL,LHP,"$16,000,000",2,"$38,000,000","$18,000,000"
"Darvish, Yu",SD,RHP,"$16,000,000",6,"$108,000,000","$18,000,000"
"Jansen, Kenley",BOS,RHP,"$16,000,000",2,"$32,000,000","$16,000,000"
"Montas, Frankie",CIN,RHP,"$16,000,000",1,"$16,000,000","$16,000,000"
"Wacha, Michael",KC,RHP,"$16,000,000",2,"$32,000,000","$16,000,000"
"Senga, Kodai",NYM,RHP,"$15,666,667",5,"$75,000,000","$15,000,000"
"Burnes, Corbin",BAL,RHP,"$15,637,500",1,"$15,637,500","$15,637,500"
"Buxton, Byron",MIN,OF,"$15,142,857",7,"$100,000,000","$14,285,714.29"
"Fried, Max",ATL,LHP,"$15,000,000",1,"$15,000,000","$15,000,000"
"Glasnow, Tyler",LAD,RHP,"$15,000,000",5,"$136,562,500","$27,312,500"
"Freeland, Kyle",COL,LHP,"$15,000,000",5,"$64,500,000","$12,900,000"
"Lugo, Seth",KC,RHP,"$15,000,000",3,"$45,000,000","$15,000,000"
"LeMahieu, DJ",NYY,3B,"$15,000,000",6,"$90,000,000","$15,000,000"
"Manaea, Sean",NYM,LHP,"$14,500,000",2,"$28,000,000","$14,000,000"
"Torres, Gleyber",NYY,2B,"$14,200,000",1,"$14,200,000","$14,200,000"
"Pressly, Ryan",HOU,RHP,"$14,000,000",2,"$30,000,000","$15,000,000"
"Rodriguez, Eduardo",ARI,LHP,"$14,000,000",4,"$80,000,000","$20,000,000"
"Martinez, Nick",CIN,RHP,"$14,000,000",2,"$26,000,000","$13,000,000"
"Flaherty, Jack",DET,RHP,"$14,000,000",1,"$14,000,000","$14,000,000"
"Maeda, Kenta",DET,RHP,"$14,000,000",2,"$24,000,000","$12,000,000"
"Jimenez, Eloy",CWS,DH,"$13,833,333",6,"$43,000,000","$7,166,666.67"
"Marte, Ketel",ARI,2B,"$13,600,000",5,"$76,000,000","$15,200,000"
"Smith, Will",LAD,C,"$13,550,000",10,"$140,000,000","$14,000,000"
"Bieber, Shane",CLE,RHP,"$13,125,000",1,"$13,125,000","$13,125,000"
"Anderson, Tyler",LAA,LHP,"$13,000,000",3,"$39,000,000","$13,000,000"
"Turner, Justin",TOR,DH,"$13,000,000",1,"$13,000,000","$13,000,000"
"Taylor, Chris",LAD,OF,"$13,000,000",4,"$60,000,000","$15,000,000"
"Quintana, Jose",NYM,LHP,"$13,000,000",2,"$26,000,000","$13,000,000"
"Severino, Luis",NYM,RHP,"$13,000,000",1,"$13,000,000","$13,000,000"
"Gray, Jon",TEX,RHP,"$13,000,000",4,"$56,000,000","$14,000,000"
"Heaney, Andrew",TEX,LHP,"$13,000,000",2,"$25,000,000","$12,500,000"
"Candelario, Jeimer",CIN,3B,"$13,000,000",3,"$45,000,000","$15,000,000"
"Blackmon, Charlie",COL,DH,"$13,000,000",1,"$13,000,000","$13,000,000"
"Stripling, Ross",OAK,RHP,"$12,500,000",2,"$25,000,000","$12,500,000"
"Matz, Steven",STL,LHP,"$12,500,000",4,"$44,000,000","$11,000,000"
"Robert Jr., Luis",CWS,OF,"$12,500,000",6,"$50,000,000","$8,333,333.33"
"Adames, Willy",MIL,SS,"$12,250,000",1,"$12,250,000","$12,250,000"
"Rodriguez, Julio",SEA,OF,"$12,185,714",12,"$209,300,000","$17,441,667"
"Valdez, Framber",HOU,LHP,"$12,100,000",1,"$12,100,000","$12,100,000"
"Bichette, Bo",TOR,SS,"$12,083,333",3,"$33,600,000","$11,200,000"
"Tucker, Kyle",HOU,OF,"$12,000,000",1,"$12,000,000","$12,000,000"
"Hoskins, Rhys",MIL,1B,"$12,000,000",2,"$34,000,000","$17,000,000"
"Gibson, Kyle",STL,RHP,"$12,000,000",1,"$12,000,000","$12,000,000"
"Rogers, Taylor",SF,LHP,"$12,000,000",3,"$33,000,000","$11,000,000"
"Garcia, Avisail",MIA,OF,"$12,000,000",4,"$53,000,000","$13,250,000"
"Kimbrel, Craig",BAL,RHP,"$12,000,000",1,"$12,000,000","$12,000,000"
"McCann, James",BAL,C,"$12,000,000",4,"$40,600,000","$10,150,000"
"Gonzales, Marco",PIT,LHP,"$12,000,000",4,"$30,000,000","$7,500,000"
"McMahon, Ryan",COL,3B,"$12,000,000",6,"$70,000,000","$11,666,667"
"Senzatela, Antonio",COL,RHP,"$12,000,000",5,"$50,500,000","$10,100,000"
"DeSclafani, Anthony",MIN,RHP,"$12,000,000",3,"$36,000,000","$12,000,000"
"Tatis Jr., Fernando",SD,OF,"$11,714,286",14,"$340,000,000","$24,285,714.29"
"Santander, Anthony",BAL,OF,"$11,700,000",1,"$11,700,000","$11,700,000"
"Montero, Rafael",HOU,RHP,"$11,500,000",3,"$34,500,000","$11,500,000"
"Hoerner, Nico",CHC,2B,"$11,500,000",3,"$35,000,000","$11,666,667"
"Canha, Mark",DET,OF,"$11,500,000",1,"$11,500,000","$11,500,000"
"Stephenson, Robert",LAA,RHP,"$11,000,000",3,"$33,000,000","$11,000,000"
"Suarez, Eugenio",ARI,3B,"$11,000,000",7,"$66,000,000","$9,428,571.43"
"Crawford, J.P.",SEA,SS,"$11,000,000",5,"$51,000,000","$10,200,000"
"Eflin, Zach",TB,RHP,"$11,000,000",3,"$40,000,000","$13,333,333"
"Walker, Christian",ARI,1B,"$10,900,000",1,"$10,900,000","$10,900,000"
"Alvarez, Yordan",HOU,DH,"$10,833,333",6,"$115,000,000","$19,166,667"
"Arraez, Luis",MIA,2B,"$10,600,000",1,"$10,600,000","$10,600,000"
"Green, Chad",TOR,RHP,"$10,500,000",2,"$8,500,000","$4,250,000"
"Kiermaier, Kevin",TOR,OF,"$10,500,000",1,"$10,500,000","$10,500,000"
"Smyly, Drew",CHC,LHP,"$10,500,000",2,"$19,000,000","$9,500,000"
"Garver, Mitch",SEA,DH,"$10,500,000",2,"$24,000,000","$12,000,000"
"Polanco, Jorge",SEA,2B,"$10,500,000",1,"$10,500,000","$10,500,000"
"Bader, Harrison",NYM,OF,"$10,500,000",1,"$10,500,000","$10,500,000"
"Chapman, Aroldis",PIT,LHP,"$10,500,000",1,"$10,500,000","$10,500,000"
"McNeil, Jeff",NYM,2B,"$10,250,000",4,"$50,000,000","$12,500,000"
"Reynolds, Bryan",PIT,OF,"$10,250,000",8,"$106,750,000","$13,343,750"
"Hicks, Aaron",LAA,OF,"$10,240,000",7,"$70,000,000","$10,000,000"
"Gallen, Zac",ARI,RHP,"$10,011,000",1,"$10,011,000","$10,011,000"
"Kikuchi, Yusei",TOR,LHP,"$10,000,000",3,"$36,000,000","$12,000,000"
"Gray, Sonny",STL,RHP,"$10,000,000",3,"$75,000,000","$25,000,000"
"Lynn, Lance",STL,RHP,"$10,000,000",1,"$10,000,000","$10,000,000"
"Gurriel Jr., Lourdes",ARI,OF,"$10,000,000",3,"$42,000,000","$14,000,000"
"Cobb, Alex",SF,RHP,"$10,000,000",1,"$10,000,000","$10,000,000"
"Soler, Jorge",SF,DH,"$10,000,000",3,"$42,000,000","$14,000,000"
"Suarez, Robert",SD,RHP,"$10,000,000",5,"$46,000,000","$9,200,000"
"Marquez, German",COL,RHP,"$10,000,000",2,"$20,000,000","$10,000,000"
"Kepler, Max",MIN,OF,"$10,000,000",1,"$10,000,000","$10,000,000"
"Margot, Manuel",MIN,OF,"$10,000,000",1,"$10,000,000","$10,000,000"
"Vazquez, Christian",MIN,C,"$10,000,000",3,"$30,000,000","$10,000,000"
"Imanaga, Shota",CHC,LHP,"$9,500,000",4,"$53,000,000","$13,250,000"
"Pederson, Joc",ARI,OF,"$9,500,000",1,"$9,500,000","$9,500,000"
"Muncy, Max",LAD,3B,"$9,500,000",2,"$24,000,000","$12,000,000"
"Martin, Chris",BOS,RHP,"$9,500,000",2,"$17,500,000","$8,750,000"
"Bard, Daniel",COL,RHP,"$9,500,000",1,"$9,500,000","$9,500,000"
"Alcantara, Sandy",MIA,RHP,"$9,300,000",5,"$56,000,000","$11,200,000"
"Yamamoto, Yoshinobu",LAD,RHP,"$9,166,667",12,"$325,000,000","$27,083,333"
"Alvarado, Jose",PHI,LHP,"$9,025,000",3,"$22,000,000","$11,000,000"
"Moore, Matt",LAA,LHP,"$9,000,000",1,"$9,000,000","$9,000,000"
"Murphy, Sean",ATL,C,"$9,000,000",6,"$73,000,000","$12,166,667"
"Neris, Hector",CHC,RHP,"$9,000,000",1,"$9,000,000","$9,000,000"
"Heyward, Jason",LAD,OF,"$9,000,000",1,"$9,000,000","$9,000,000"
"Lowe, Brandon",TB,2B,"$8,750,000",6,"$24,000,000","$4,000,000"
"Verdugo, Alex",NYY,OF,"$8,700,000",1,"$8,700,000","$8,700,000"
"Drury, Brandon",LAA,DH,"$8,500,000",2,"$17,000,000","$8,500,000"
"Wood, Alex",OAK,LHP,"$8,500,000",1,"$8,500,000","$8,500,000"
"Miley, Wade",MIL,LHP,"$8,500,000",1,"$8,500,000","$8,500,000"
"Kelly, Merrill",ARI,RHP,"$8,500,000",2,"$18,000,000","$9,000,000"
"Lyles, Jordan",KC,RHP,"$8,500,000",2,"$17,000,000","$8,500,000"
"Robertson, David",TEX,RHP,"$8,283,253",1,"$8,283,253","$8,283,253"
"Lee, Jung-Hoo",SF,OF,"$8,250,000",6,"$113,000,000","$18,833,333"
"Lopez, Pablo",MIN,RHP,"$8,250,000",4,"$73,500,000","$18,375,000"
"Arozarena, Randy",TB,OF,"$8,100,000",1,"$8,100,000","$8,100,000"
"Buehler, Walker",LAD,RHP,"$8,025,000",1,"$8,025,000","$8,025,000"
"Graveman, Kendall",HOU,RHP,"$8,000,000",3,"$24,000,000","$8,000,000"
"Diaz, Aledmys",OAK,INF,"$8,000,000",2,"$14,500,000","$7,250,000"
"d'Arnaud, Travis",ATL,C,"$8,000,000",1,"$8,000,000","$8,000,000"
"Jimenez, Joe",ATL,RHP,"$8,000,000",3,"$26,000,000","$8,666,667"
"Kelly, Joe",LAD,RHP,"$8,000,000",1,"$8,000,000","$8,000,000"
"Webb, Logan",SF,RHP,"$8,000,000",5,"$90,000,000","$18,000,000"
"Cease, Dylan",SD,RHP,"$8,000,000",1,"$8,000,000","$8,000,000"
"Kim, Ha-Seong",SD,SS,"$8,000,000",4,"$28,000,000","$7,000,000"
"Perez, Martin",PIT,LHP,"$8,000,000",1,"$8,000,000","$8,000,000"
"Diaz, Yandy",TB,1B,"$8,000,000",3,"$24,000,000","$8,000,000"
"Pagan, Emilio",CIN,RHP,"$8,000,000",2,"$16,000,000","$8,000,000"
"Yastrzemski, Mike",SF,OF,"$7,900,000",1,"$7,900,000","$7,900,000"
"Romano, Jordan",TOR,RHP,"$7,750,000",1,"$7,750,000","$7,750,000"
"Kiner-Falefa, Isiah",TOR,3B,"$7,500,000",2,"$15,000,000","$7,500,000"
"Strahm, Matt",PHI,LHP,"$7,500,000",2,"$15,000,000","$7,500,000"
"Lowe, Nate",TEX,1B,"$7,500,000",1,"$7,500,000","$7,500,000"
"Pivetta, Nick",BOS,RHP,"$7,500,000",1,"$7,500,000","$7,500,000"
"Fedde, Erick",CWS,RHP,"$7,500,000",2,"$15,000,000","$7,500,000"
"Javier, Cristian",HOU,RHP,"$7,400,000",5,"$64,000,000","$12,800,000"
"Sewald, Paul",ARI,RHP,"$7,350,000",1,"$7,350,000","$7,350,000"
"Cronenworth, Jake",SD,1B,"$7,285,714",7,"$80,000,000","$11,428,571"
"Albies, Ozzie",ATL,2B,"$7,000,000",7,"$35,000,000","$5,000,000"
"Johnson, Pierce",ATL,RHP,"$7,000,000",2,"$14,250,000","$7,125,000"
"Williams, Devin",MIL,RHP,"$7,000,000",1,"$7,000,000","$7,000,000"
"Edman, Tommy",STL,SS,"$7,000,000",2,"$16,500,000","$8,250,000"
"Paxton, James",LAD,LHP,"$7,000,000",1,"$7,000,000","$7,000,000"
"Narvaez, Omar",NYM,C,"$7,000,000",2,"$15,000,000","$7,500,000"
"Williams, Trevor",WSH,RHP,"$7,000,000",2,"$13,000,000","$6,500,000"
"Merrifield, Whit",PHI,INF,"$7,000,000",1,"$7,000,000","$7,000,000"
"Hayes, Ke'Bryan",PIT,3B,"$7,000,000",8,"$70,000,000","$8,750,000"
"Stassi, Max",CWS,C,"$7,000,000",3,"$17,500,000","$5,833,333.33"
"France, Ty",SEA,1B,"$6,775,000",1,"$6,775,000","$6,775,000"
"Estevez, Carlos",LAA,RHP,"$6,750,000",2,"$13,500,000","$6,750,000"
"Barlow, Scott",CLE,RHP,"$6,700,000",1,"$6,700,000","$6,700,000"
"Naylor, Josh",CLE,1B,"$6,550,000",1,"$6,550,000","$6,550,000"
"Quantrill, Cal",COL,RHP,"$6,550,000",1,"$6,550,000","$6,550,000"
"Flores, Wilmer",SF,SS,"$6,500,000",1,"$6,500,000","$6,500,000"
"Hicks, Jordan",SF,RHP,"$6,500,000",4,"$44,000,000","$11,000,000"
"Jackson, Luke",SF,RHP,"$6,500,000",2,"$11,500,000","$5,750,000"
"Raley, Brooks",NYM,LHP,"$6,500,000",1,"$6,500,000","$6,500,000"
"Ruiz, Keibert",WSH,C,"$6,375,000",8,"$50,000,000","$6,250,000"
"Mullins, Cedric",BAL,OF,"$6,325,000",1,"$6,325,000","$6,325,000"
"Hays, Austin",BAL,OF,"$6,300,000",1,"$6,300,000","$6,300,000"
"Leclerc, Jose",TEX,RHP,"$6,250,000",1,"$6,250,000","$6,250,000"
"Maton, Phil",TB,RHP,"$6,250,000",1,"$6,250,000","$6,250,000"
"Carpenter, Matt",STL,DH,"$6,240,000",2,"$12,000,000","$6,000,000"
"Minter, A.J.",ATL,LHP,"$6,220,000",1,"$6,220,000","$6,220,000"
"Farmer, Kyle",MIN,2B,"$6,050,000",1,"$6,050,000","$6,050,000"
"Caratini, Victor",HOU,C,"$6,000,000",2,"$12,000,000","$6,000,000"
"Garcia, Yimi",TOR,RHP,"$6,000,000",1,"$6,000,000","$6,000,000"
"Gomes, Yan",CHC,C,"$6,000,000",1,"$6,000,000","$6,000,000"
"Diaz, Elias",COL,C,"$6,000,000",3,"$14,500,000","$4,833,333.33"
"Holmes, Clay",NYY,RHP,"$6,000,000",1,"$6,000,000","$6,000,000"
"O'Neill, Tyler",BOS,OF,"$5,850,000",1,"$5,850,000","$5,850,000"
"Gallegos, Giovanny",STL,RHP,"$5,750,000",1,"$5,750,000","$5,750,000"
"Rojas, Miguel",LAD,SS,"$5,750,000",1,"$5,750,000","$5,750,000"
"Kahnle, Tommy",NYY,RHP,"$5,750,000",3,"$14,500,000","$4,833,333"
"Peralta, Freddy",MIL,RHP,"$5,734,960",5,"$15,500,000","$3,100,000"
"Scott, Tanner",MIA,LHP,"$5,700,000",1,"$5,700,000","$5,700,000"
"Varsho, Daulton",TOR,OF,"$5,650,000",1,"$5,650,000","$5,650,000"
"Gimenez, Andres",CLE,2B,"$5,571,429",7,"$106,500,000","$15,214,286"
"Bummer, Aaron",ATL,LHP,"$5,500,000",5,"$16,000,000","$3,200,000"
"Luzardo, Jesus",MIA,LHP,"$5,500,000",1,"$5,500,000","$5,500,000"
"Mahle, Tyler",TEX,RHP,"$5,500,000",2,"$22,000,000","$11,000,000"
"Renfroe, Hunter",KC,OF,"$5,500,000",2,"$13,000,000","$6,500,000"
"Grisham, Trent",NYY,OF,"$5,500,000",1,"$5,500,000","$5,500,000"
"Thomas, Lane",WSH,OF,"$5,450,000",1,"$5,450,000","$5,450,000"
"Keller, Mitch",PIT,RHP,"$5,442,500",5,"$77,000,000","$15,400,000"
"Gonsolin, Anthony",LAD,RHP,"$5,400,000",1,"$5,400,000","$5,400,000"
"Springs, Jeffrey",TB,LHP,"$5,250,000",4,"$31,000,000","$7,750,000"
"Santana, Carlos",MIN,1B,"$5,250,000",1,"$5,250,000","$5,250,000"
"Jansen, Danny",TOR,C,"$5,200,000",1,"$5,200,000","$5,200,000"
"Laureano, Ramon",CLE,OF,"$5,150,000",1,"$5,150,000","$5,150,000"
"Finnegan, Kyle",WSH,RHP,"$5,100,000",1,"$5,100,000","$5,100,000"
"Houser, Adrian",NYM,RHP,"$5,050,000",1,"$5,050,000","$5,050,000"
"Suarez, Ranger",PHI,LHP,"$5,050,000",1,"$5,050,000","$5,050,000"
"Sandoval, Patrick",LAA,LHP,"$5,025,000",1,"$5,025,000","$5,025,000"
"Harris II, Mike",ATL,OF,"$5,000,000",8,"$72,000,000","$9,000,000"
"Middleton, Keynan",STL,RHP,"$5,000,000",1,"$5,000,000","$5,000,000"
"Castro, Miguel",ARI,RHP,"$5,000,000",1,"$5,000,000","$5,000,000"
"Peterson, Jace",ARI,INF,"$5,000,000",2,"$9,500,000","$4,750,000"
"Kershaw, Clayton",LAD,LHP,"$5,000,000",2,"$10,000,000","$5,000,000"
"Urias, Luis",SEA,2B,"$5,000,000",1,"$5,000,000","$5,000,000"
"Anderson, Tim",MIA,SS,"$5,000,000",1,"$5,000,000","$5,000,000"
"Soto, Gregory",PHI,LHP,"$5,000,000",1,"$5,000,000","$5,000,000"
"McCutchen, Andrew",PIT,OF,"$5,000,000",1,"$5,000,000","$5,000,000"
"Smith, Will",KC,LHP,"$5,000,000",1,"$5,000,000","$5,000,000"
"Civale, Aaron",TB,RHP,"$4,900,000",1,"$4,900,000","$4,900,000"
"Singer, Brady",KC,RHP,"$4,850,000",1,"$4,850,000","$4,850,000"
"Ward, Taylor",LAA,OF,"$4,800,000",1,"$4,800,000","$4,800,000"
"Garcia, Adolis",TEX,OF,"$4,750,000",2,"$14,000,000","$7,000,000"
"Estrada, Thairo",SF,2B,"$4,700,000",1,"$4,700,000","$4,700,000"
"Bednar, David",PIT,RHP,"$4,510,000",1,"$4,510,000","$4,510,000"
"Brasier, Ryan",LAD,RHP,"$4,500,000",2,"$9,000,000","$4,500,000"
"Ottavino, Adam",NYM,RHP,"$4,500,000",2,"$14,500,000","$7,250,000"
"Lorenzen, Michael",TEX,RHP,"$4,500,000",1,"$4,500,000","$4,500,000"
"Yates, Kirby",TEX,RHP,"$4,500,000",1,"$4,500,000","$4,500,000"
"Rengifo, Luis",LAA,2B,"$4,400,000",1,"$4,400,000","$4,400,000"
"Lopez, Nicky",CWS,2B,"$4,300,000",1,"$4,300,000","$4,300,000"
"Garcia, Luis",LAA,RHP,"$4,250,000",1,"$4,250,000","$4,250,000"
"Dominguez, Seranthony",PHI,RHP,"$4,250,000",1,"$4,250,000","$4,250,000"
"Chafin, Andrew",DET,LHP,"$4,250,000",1,"$4,250,000","$4,250,000"
"Biggio, Cavan",TOR,2B,"$4,210,000",1,"$4,210,000","$4,210,000"
"Mountcastle, Ryan",BAL,DH,"$4,137,000",1,"$4,137,000","$4,137,000"
"Gilbert, Logan",SEA,RHP,"$4,050,000",1,"$4,050,000","$4,050,000"
"Lopez, Reynaldo",ATL,RHP,"$4,000,000",3,"$30,000,000","$10,000,000"
"Junis, Jakob",MIL,RHP,"$4,000,000",1,"$4,000,000","$4,000,000"
"Steele, Justin",CHC,LHP,"$4,000,000",1,"$4,000,000","$4,000,000"
"Hernandez, Kike",LAD,INF,"$4,000,000",1,"$4,000,000","$4,000,000"
"Phillips, Evan",LAD,RHP,"$4,000,000",1,"$4,000,000","$4,000,000"
"Murphy, Tom",SF,C,"$4,000,000",2,"$8,250,000","$4,125,000"
"Slater, Austin",SF,OF,"$4,000,000",1,"$4,000,000","$4,000,000"
"Hedges, Austin",CLE,C,"$4,000,000",1,"$4,000,000","$4,000,000"
"Stanek, Ryne",SEA,RHP,"$4,000,000",1,"$4,000,000","$4,000,000"
"Diekman, Jake",NYM,LHP,"$4,000,000",1,"$4,000,000","$4,000,000"
"Rosario, Eddie",WSH,OF,"$4,000,000",1,"$4,000,000","$4,000,000"
"Bohm, Alec",PHI,3B,"$4,000,000",1,"$4,000,000","$4,000,000"
"Taylor, Michael A.",PIT,OF,"$4,000,000",1,"$4,000,000","$4,000,000"
"Brebbia, John",CWS,RHP,"$4,000,000",1,"$4,000,000","$4,000,000"
"Maldonado, Martin",CWS,C,"$4,000,000",1,"$4,000,000","$4,000,000"
"Cortes, Nestor",NYY,LHP,"$3,950,000",1,"$3,950,000","$3,950,000"
"Yarbrough, Ryan",LAD,LHP,"$3,900,000",1,"$3,900,000","$3,900,000"
"Fairbanks, Pete",TB,RHP,"$3,816,667",1,"$3,816,667","$3,816,667"
"Helsley, Ryan",STL,RHP,"$3,800,000",1,"$3,800,000","$3,800,000"
"Ramirez, Harold",TB,OF,"$3,800,000",1,"$3,800,000","$3,800,000"
"India, Jonathan",CIN,2B,"$3,800,000",2,"$8,800,000","$4,400,000"
"Urquidy, Jose",HOU,RHP,"$3,750,000",1,"$3,750,000","$3,750,000"
"Carroll, Corbin",ARI,OF,"$3,625,000",8,"$111,000,000","$13,875,000"
"Berti, Jon",NYY,INF,"$3,625,000",1,"$3,625,000","$3,625,000"
"McClanahan, Shane",TB,LHP,"$3,600,000",1,"$3,600,000","$3,600,000"
"Mayza, Tim",TOR,LHP,"$3,590,000",1,"$3,590,000","$3,590,000"
"Dubon, Mauricio",HOU,2B,"$3,500,000",1,"$3,500,000","$3,500,000"
"Rea, Colin",MIL,RHP,"$3,500,000",1,"$3,500,000","$3,500,000"
"Barnes, Austin",LAD,C,"$3,500,000",1,"$3,500,000","$3,500,000"
"Wade, LaMonte",SF,1B,"$3,500,000",1,"$3,500,000","$3,500,000"
"O'Hearn, Ryan",BAL,1B,"$3,500,000",1,"$3,500,000","$3,500,000"
"Whitlock, Garrett",BOS,RHP,"$3,500,000",4,"$18,750,000","$4,687,500"
"Stratton, Chris",KC,RHP,"$3,500,000",2,"$8,000,000","$4,000,000"
"Kelly, Carson",DET,C,"$3,500,000",1,"$3,500,000","$3,500,000"
"Blackburn, Paul",OAK,RHP,"$3,450,000",1,"$3,450,000","$3,450,000"
"Paredes, Isaac",TB,3B,"$3,400,000",1,"$3,400,000","$3,400,000"
"Peralta, Wandy",SD,LHP,"$3,350,000",4,"$16,500,000","$4,125,000"
"Greene, Hunter",CIN,RHP,"$3,333,333",6,"$53,000,000","$8,833,333"
"Means, John",BAL,LHP,"$3,325,000",1,"$3,325,000","$3,325,000"
"Dunning, Dane",TEX,RHP,"$3,325,000",1,"$3,325,000","$3,325,000"
"Castro, Willi",MIN,OF,"$3,300,000",1,"$3,300,000","$3,300,000"
"Matsui, Yuki",SD,LHP,"$3,250,000",5,"$28,000,000","$5,600,000"
"Vaughn, Andrew",CWS,1B,"$3,250,000",1,"$3,250,000","$3,250,000"
"Thielbar, Caleb",MIN,LHP,"$3,225,000",1,"$3,225,000","$3,225,000"
"Rogers, Tyler",SF,RHP,"$3,200,000",1,"$3,200,000","$3,200,000"
"Tellez, Rowdy",PIT,1B,"$3,200,000",1,"$3,200,000","$3,200,000"
"Rodgers, Brendan",COL,2B,"$3,200,000",1,"$3,200,000","$3,200,000"
"King, Michael",SD,RHP,"$3,150,000",1,"$3,150,000","$3,150,000"
"Gomber, Austin",COL,LHP,"$3,150,000",1,"$3,150,000","$3,150,000"
"Moore, Dylan",SEA,OF,"$3,133,333",1,"$3,133,333","$3,133,333"
"Witt Jr., Bobby",KC,SS,"$3,111,111",11,"$288,777,777","$26,252,525"
"Rojas, Josh",SEA,3B,"$3,100,000",1,"$3,100,000","$3,100,000"
"Heim, Jonah",TEX,C,"$3,050,000",1,"$3,050,000","$3,050,000"
"Duvall, Adam",ATL,OF,"$3,000,000",1,"$3,000,000","$3,000,000"
"Sanchez, Gary",MIL,C,"$3,000,000",1,"$3,000,000","$3,000,000"
"McGough, Scott",ARI,RHP,"$3,000,000",2,"$6,250,000","$3,125,000"
"Maile, Luke",CIN,C,"$3,000,000",1,"$3,000,000","$3,000,000"
"Miller, Shelby",DET,RHP,"$3,000,000",1,"$3,000,000","$3,000,000"
"Kopech, Michael",CWS,RHP,"$3,000,000",1,"$3,000,000","$3,000,000"
"Soroka, Michael",CWS,RHP,"$3,000,000",1,"$3,000,000","$3,000,000"
"Clase, Emmanuel",CLE,RHP,"$2,900,000",1,"$2,900,000","$2,900,000"
"McCormick, Chas",HOU,OF,"$2,850,000",1,"$2,850,000","$2,850,000"
"Sims, Lucas",CIN,RHP,"$2,850,000",1,"$2,850,000","$2,850,000"
"Keith, Colt",DET,2B,"$2,833,333",6,"$28,642,500","$4,773,750"
"Kirk, Alejandro",TOR,C,"$2,800,000",1,"$2,800,000","$2,800,000"
"Swanson, Erik",TOR,RHP,"$2,750,000",1,"$2,750,000","$2,750,000"
"Trevino, Jose",NYY,C,"$2,730,000",1,"$2,730,000","$2,730,000"
"Wisdom, Patrick",CHC,OF,"$2,725,000",1,"$2,725,000","$2,725,000"
"Espinal, Santiago",CIN,INF,"$2,725,000",1,"$2,725,000","$2,725,000"
"Graterol, Brusdar",LAD,RHP,"$2,700,000",1,"$2,700,000","$2,700,000"
"Mateo, Jorge",BAL,2B,"$2,700,000",1,"$2,700,000","$2,700,000"
"Adam, Jason",TB,RHP,"$2,700,000",1,"$2,700,000","$2,700,000"
"Robles, Victor",WSH,OF,"$2,650,000",1,"$2,650,000","$2,650,000"
"Skubal, Tarik",DET,LHP,"$2,650,000",1,"$2,650,000","$2,650,000"
"Chisholm Jr., Jazz",MIA,OF,"$2,625,000",1,"$2,625,000","$2,625,000"
"Canning, Griffin",LAA,RHP,"$2,600,000",1,"$2,600,000","$2,600,000"
"Brown, Seth",OAK,OF,"$2,600,000",1,"$2,600,000","$2,600,000"
"Taveras, Leody",TEX,OF,"$2,550,000",1,"$2,550,000","$2,550,000"
"Stephenson, Tyler",CIN,C,"$2,525,000",1,"$2,525,000","$2,525,000"
"Paddack, Chris",MIN,RHP,"$2,525,000",3,"$12,525,000","$4,175,000"
"Davis, J.D.",OAK,3B,"$2,500,000",1,"$2,500,000","$2,500,000"
"Woodruff, Brandon",MIL,RHP,"$2,500,000",2,"$22,000,000","$11,000,000"
"Gallo, Joey",WSH,OF,"$2,500,000",1,"$2,500,000","$2,500,000"
"Grandal, Yasmani",PIT,C,"$2,500,000",1,"$2,500,000","$2,500,000"
"Suter, Brent",CIN,LHP,"$2,500,000",1,"$2,500,000","$2,500,000"
"Loaisiga, Jonathan",NYY,RHP,"$2,500,000",1,"$2,500,000","$2,500,000"
"Franco, Wander",TB,SS,"$2,454,545",11,"$182,000,000","$16,545,454.55"
"Jeffers, Ryan",MIN,C,"$2,425,000",1,"$2,425,000","$2,425,000"
"Ferguson, Caleb",NYY,LHP,"$2,400,000",1,"$2,400,000","$2,400,000"
"Poche, Colin",TB,LHP,"$2,375,000",1,"$2,375,000","$2,375,000"
"Carlson, Dylan",STL,OF,"$2,350,000",1,"$2,350,000","$2,350,000"
"Bubic, Kris",KC,LHP,"$2,350,000",1,"$2,350,000","$2,350,000"
"Harvey, Hunter",WSH,RHP,"$2,325,000",1,"$2,325,000","$2,325,000"
"Coulombe, Danny",BAL,LHP,"$2,300,000",1,"$2,300,000","$2,300,000"
"Brubaker, JT",PIT,RHP,"$2,275,000",1,"$2,275,000","$2,275,000"
"Kittredge, Andrew",STL,RHP,"$2,262,500",1,"$2,262,500","$2,262,500"
"Alexander, Scott",OAK,LHP,"$2,250,000",1,"$2,250,000","$2,250,000"
"Chourio, Jackson",MIL,OF,"$2,250,000",8,"$82,000,000","$10,250,000"
"Floro, Dylan",WSH,RHP,"$2,250,000",1,"$2,250,000","$2,250,000"
"Farmer, Buck",CIN,RHP,"$2,250,000",1,"$2,250,000","$2,250,000"
"Smith, Drew",NYM,RHP,"$2,225,000",1,"$2,225,000","$2,225,000"
"Hoffman, Jeff",PHI,RHP,"$2,200,000",1,"$2,200,000","$2,200,000"
"Munoz, Andres",SEA,RHP,"$2,187,500",4,"$7,500,000","$1,875,000"
"Higashioka, Kyle",SD,C,"$2,180,000",1,"$2,180,000","$2,180,000"
"Richards, Trevor",TOR,RHP,"$2,150,000",1,"$2,150,000","$2,150,000"
"Peterson, David",NYM,LHP,"$2,150,000",1,"$2,150,000","$2,150,000"
"Fraley, Jake",CIN,OF,"$2,150,000",1,"$2,150,000","$2,150,000"
"May, Dustin",LAD,RHP,"$2,135,000",1,"$2,135,000","$2,135,000"
"Joe, Connor",PIT,OF,"$2,125,000",1,"$2,125,000","$2,125,000"
"Alzolay, Adbert",CHC,RHP,"$2,110,000",1,"$2,110,000","$2,110,000"
"Sanchez, Jesus",MIA,OF,"$2,100,000",1,"$2,100,000","$2,100,000"
"Urias, Ramon",BAL,3B,"$2,100,000",1,"$2,100,000","$2,100,000"
"Milner, Hoby",MIL,LHP,"$2,050,000",1,"$2,050,000","$2,050,000"
"Bethancourt, Christian",MIA,C,"$2,050,000",1,"$2,050,000","$2,050,000"
"Armstrong, Shawn",TB,RHP,"$2,050,000",1,"$2,050,000","$2,050,000"
"Taylor, Tyrone",NYM,OF,"$2,025,000",1,"$2,025,000","$2,025,000"
"Schmidt, Clarke",NYY,RHP,"$2,025,000",1,"$2,025,000","$2,025,000"
"Carrasco, Carlos",CLE,RHP,"$2,000,000",1,"$2,000,000","$2,000,000"
"Barnes, Matt",WSH,RHP,"$2,000,000",1,"$2,000,000","$2,000,000"
"Winker, Jesse",WSH,OF,"$2,000,000",1,"$2,000,000","$2,000,000"
"Vogelbach, Daniel",TOR,DH,"$2,000,000",1,"$2,000,000","$2,000,000"
"Arcia, Orlando",ATL,SS,"$2,000,000",3,"$7,300,000","$2,433,333"
"Crawford, Brandon",STL,SS,"$2,000,000",1,"$2,000,000","$2,000,000"
"Hudson, Daniel",LAD,RHP,"$2,000,000",1,"$2,000,000","$2,000,000"
"Lopez, Jorge",NYM,RHP,"$2,000,000",1,"$2,000,000","$2,000,000"
"Wendle, Joey",NYM,INF,"$2,000,000",1,"$2,000,000","$2,000,000"
"Senzel, Nick",WSH,3B,"$2,000,000",1,"$2,000,000","$2,000,000"
"Irvin, Cole",BAL,LHP,"$2,000,000",1,"$2,000,000","$2,000,000"
"Turnbull, Spencer",PHI,RHP,"$2,000,000",1,"$2,000,000","$2,000,000"
"Hendriks, Liam",BOS,RHP,"$2,000,000",2,"$10,000,000","$5,000,000"
"Rodriguez, Joely",BOS,LHP,"$2,000,000",1,"$2,000,000","$2,000,000"
"Frazier, Adam",KC,2B,"$2,000,000",1,"$2,000,000","$2,000,000"
"Hampson, Garrett",KC,2B,"$2,000,000",1,"$2,000,000","$2,000,000"
"Weaver, Luke",NYY,RHP,"$2,000,000",1,"$2,000,000","$2,000,000"
"Wells, Tyler",BAL,RHP,"$1,962,500",1,"$1,962,500","$1,962,500"
"Tauchman, Michael",CHC,OF,"$1,950,000",1,"$1,950,000","$1,950,000"
"Garcia Jr., Luis",WSH,2B,"$1,950,000",1,"$1,950,000","$1,950,000"
"Alexander, Tyler",TB,LHP,"$1,950,000",1,"$1,950,000","$1,950,000"
"Matzek, Tyler",ATL,LHP,"$1,900,000",1,"$1,900,000","$1,900,000"
"Almonte, Yency",CHC,RHP,"$1,900,000",1,"$1,900,000","$1,900,000"
"Karinchak, James",CLE,RHP,"$1,900,000",1,"$1,900,000","$1,900,000"
"Garcia, Luis",HOU,RHP,"$1,875,000",1,"$1,875,000","$1,875,000"
"Rasmussen, Drew",TB,RHP,"$1,862,500",1,"$1,862,500","$1,862,500"
"Littell, Zack",TB,RHP,"$1,850,000",1,"$1,850,000","$1,850,000"
"Refsnyder, Rob",BOS,OF,"$1,850,000",1,"$1,850,000","$1,850,000"
"Knizner, Andrew",TEX,C,"$1,825,000",1,"$1,825,000","$1,825,000"
"Madrigal, Nick",CHC,INF,"$1,810,000",1,"$1,810,000","$1,810,000"
"Puk, A.J.",MIA,LHP,"$1,800,000",1,"$1,800,000","$1,800,000"
"Wright, Kyle",KC,RHP,"$1,800,000",1,"$1,800,000","$1,800,000"
"Hill, Tim",CWS,LHP,"$1,800,000",1,"$1,800,000","$1,800,000"
"Cooper, Garrett",CHC,1B,"$1,750,000",1,"$1,750,000","$1,750,000"
"Urena, Jose",TEX,RHP,"$1,750,000",1,"$1,750,000","$1,750,000"
"Cisnero, Jose",LAA,RHP,"$1,750,000",1,"$1,750,000","$1,750,000"
"Abreu, Bryan",HOU,RHP,"$1,750,000",1,"$1,750,000","$1,750,000"
"DeJong, Paul",CWS,SS,"$1,750,000",1,"$1,750,000","$1,750,000"
"Flexen, Chris",CWS,RHP,"$1,750,000",1,"$1,750,000","$1,750,000"
"Andujar, Miguel",OAK,OF,"$1,700,000",1,"$1,700,000","$1,700,000"
"Sosa, Edmundo",PHI,INF,"$1,700,000",1,"$1,700,000","$1,700,000"
"Jankowski, Travis",TEX,OF,"$1,700,000",1,"$1,700,000","$1,700,000"
"Rogers, Jake",DET,C,"$1,700,000",1,"$1,700,000","$1,700,000"
"Beeks, Jalen",COL,LHP,"$1,675,000",1,"$1,675,000","$1,675,000"
"Cimber, Adam",LAA,RHP,"$1,650,000",1,"$1,650,000","$1,650,000"
"Payamps, Joel",MIL,RHP,"$1,650,000",1,"$1,650,000","$1,650,000"
"McKenzie, Triston",CLE,RHP,"$1,600,000",1,"$1,600,000","$1,600,000"
"Stephan, Trevor",CLE,RHP,"$1,600,000",4,"$10,000,000","$2,500,000"
"Borucki, Ryan",PIT,LHP,"$1,600,000",1,"$1,600,000","$1,600,000"
"Anderson, Nick",KC,RHP,"$1,575,000",1,"$1,575,000","$1,575,000"
"Rogers, Trevor",MIA,LHP,"$1,530,000",1,"$1,530,000","$1,530,000"
"Cabrera, Genesis",TOR,LHP,"$1,512,500",1,"$1,512,500","$1,512,500"
"Law, Derek",WSH,RHP,"$1,500,000",1,"$1,500,000","$1,500,000"
"Wilson, Justin",CIN,LHP,"$1,500,000",1,"$1,500,000","$1,500,000"
"Leone, Dominic",CWS,RHP,"$1,500,000",1,"$1,500,000","$1,500,000"
"Gott, Trevor",OAK,RHP,"$1,500,000",1,"$1,500,000","$1,500,000"
"Ross, Joe",MIL,RHP,"$1,500,000",1,"$1,500,000","$1,500,000"
"Leiter Jr., Mark",CHC,RHP,"$1,500,000",1,"$1,500,000","$1,500,000"
"Grichuk, Randal",ARI,OF,"$1,500,000",1,"$1,500,000","$1,500,000"
"Rainey, Tanner",WSH,RHP,"$1,500,000",1,"$1,500,000","$1,500,000"
"Tate, Dillon",BAL,RHP,"$1,500,000",1,"$1,500,000","$1,500,000"
"Rosario, Amed",TB,INF,"$1,500,000",1,"$1,500,000","$1,500,000"
"McGuire, Reese",BOS,C,"$1,500,000",1,"$1,500,000","$1,500,000"
"Hudson, Dakota",COL,RHP,"$1,500,000",1,"$1,500,000","$1,500,000"
"Stallings, Jacob",COL,C,"$1,500,000",1,"$1,500,000","$1,500,000"
"Tovar, Ezequiel",COL,SS,"$1,500,000",7,"$63,500,000","$9,071,428"
"Urshela, Gio",DET,3B,"$1,500,000",1,"$1,500,000","$1,500,000"
"Trivino, Lou",NYY,RHP,"$1,500,000",1,"$1,500,000","$1,500,000"
"Stewart, DJ",NYM,OF,"$1,380,000",1,"$1,380,000","$1,380,000"
"Bauers, Jake",MIL,1B,"$1,350,000",1,"$1,350,000","$1,350,000"
"Thompson, Ryan",ARI,RHP,"$1,350,000",1,"$1,350,000","$1,350,000"
"Olivares, Edward",PIT,OF,"$1,350,000",1,"$1,350,000","$1,350,000"
"Kirilloff, Alex",MIN,INF,"$1,350,000",1,"$1,350,000","$1,350,000"
"Kinley, Tyler",COL,RHP,"$1,300,000",1,"$1,300,000","$1,300,000"
"Jackson, Jay",MIN,RHP,"$1,300,000",1,"$1,300,000","$1,300,000"
"Chargois, JT",MIA,RHP,"$1,285,000",1,"$1,285,000","$1,285,000"
"Toro, Abraham",OAK,INF,"$1,275,000",1,"$1,275,000","$1,275,000"
"Walsh, Jared",TEX,1B,"$1,250,000",1,"$1,250,000","$1,250,000"
"Clarke, Taylor",MIL,RHP,"$1,250,000",1,"$1,250,000","$1,250,000"
"Voth, Austin",SEA,RHP,"$1,250,000",1,"$1,250,000","$1,250,000"
"Anderson, Chase",BOS,RHP,"$1,250,000",1,"$1,250,000","$1,250,000"
"Lambert, Peter",COL,RHP,"$1,250,000",1,"$1,250,000","$1,250,000"
"Hernandez, Jonathan",TEX,RHP,"$1,245,000",1,"$1,245,000","$1,245,000"
"Ginkel, Kevin",ARI,RHP,"$1,225,000",1,"$1,225,000","$1,225,000"
"Lux, Gavin",LAD,2B,"$1,225,000",1,"$1,225,000","$1,225,000"
"Topa, Justin",MIN,RHP,"$1,225,000",1,"$1,225,000","$1,225,000"
"Beede, Tyler",CLE,RHP,"$1,200,000",1,"$1,200,000","$1,200,000"
"Waguespack, Jacob",TB,RHP,"$1,200,000",1,"$1,200,000","$1,200,000"
"Thornton, Trent",SEA,RHP,"$1,200,000",1,"$1,200,000","$1,200,000"
"Perez, Cionel",BAL,LHP,"$1,200,000",1,"$1,200,000","$1,200,000"
"Merryweather, Julian",CHC,RHP,"$1,175,000",1,"$1,175,000","$1,175,000"
"Schreiber, John",KC,RHP,"$1,175,000",1,"$1,175,000","$1,175,000"
"Bello, Brayan",BOS,RHP,"$1,166,667",6,"$55,000,000","$9,166,667"
"Hentges, Sam",CLE,LHP,"$1,162,500",1,"$1,162,500","$1,162,500"
"De Los Santos, Enyel",SD,RHP,"$1,160,000",1,"$1,160,000","$1,160,000"
"Young, Alex",CIN,LHP,"$1,160,000",1,"$1,160,000","$1,160,000"
"Guillorme, Luis",ATL,INF,"$1,100,000",1,"$1,100,000","$1,100,000"
"Vargas, Ildemaro",WSH,INF,"$1,100,000",1,"$1,100,000","$1,100,000"
"Taylor, Josh",KC,LHP,"$1,100,000",1,"$1,100,000","$1,100,000"
"Sandlin, Nick",CLE,RHP,"$1,075,000",1,"$1,075,000","$1,075,000"
"Okert, Steven",MIN,LHP,"$1,062,500",1,"$1,062,500","$1,062,500"
"Brentz, Jake",KC,LHP,"$1,050,000",2,"$1,900,000","$950,000"
"Burke, Brock",TEX,LHP,"$1,035,000",1,"$1,035,000","$1,035,000"
"Wilson, Bryse",MIL,RHP,"$1,025,000",1,"$1,025,000","$1,025,000"
"Sborz, Josh",TEX,RHP,"$1,025,000",1,"$1,025,000","$1,025,000"
"Hernandez, Carlos",KC,RHP,"$1,012,500",1,"$1,012,500","$1,012,500"
"Newcomb, Sean",OAK,LHP,"$1,000,000",1,"$1,000,000","$1,000,000"
"Strider, Spencer",ATL,RHP,"$1,000,000",6,"$75,000,000","$12,500,000"
"Treinen, Blake",LAD,RHP,"$1,000,000",1,"$1,000,000","$1,000,000"
"Vesia, Alex",LAD,LHP,"$1,000,000",1,"$1,000,000","$1,000,000"
"Smith, Burch",MIA,RHP,"$1,000,000",1,"$1,000,000","$1,000,000"
"Tonkin, Michael",NYM,RHP,"$1,000,000",1,"$1,000,000","$1,000,000"
"Bautista, Felix",BAL,RHP,"$1,000,000",1,"$1,000,000","$1,000,000"
"Kemp, Tony",BAL,OF,"$1,000,000",1,"$1,000,000","$1,000,000"
"Webb, Jacob",BAL,RHP,"$1,000,000",1,"$1,000,000","$1,000,000"
"Profar, Jurickson",SD,OF,"$1,000,000",1,"$1,000,000","$1,000,000"
"Devenski, Chris",TB,RHP,"$1,000,000",1,"$1,000,000","$1,000,000"
"Cave, Jake",COL,OF,"$1,000,000",1,"$1,000,000","$1,000,000"
"Pillar, Kevin",CWS,OF,"$1,000,000",1,"$1,000,000","$1,000,000"
"Staumont, Josh",MIN,RHP,"$950,000",1,"$950,000","$950,000"
"Suarez, Jose",LAA,LHP,"$925,000",1,"$925,000","$925,000"
"Mantiply, Joe",ARI,LHP,"$925,000",1,"$925,000","$925,000"
"Hamilton, Ian",NYY,RHP,"$923,050",1,"$923,050","$923,050"
"Haggerty, Sam",SEA,2B,"$900,000",1,"$900,000","$900,000"
"Gordon, Nick",MIA,OF,"$900,000",1,"$900,000","$900,000"
"Stewart, Brock",MIN,RHP,"$900,000",1,"$900,000","$900,000"
"Sano, Miguel",LAA,3B,"$875,000",1,"$875,000","$875,000"
"Bazardo, Eduard",SEA,RHP,"$870,600",1,"$870,600","$870,600"
"Romero, JoJo",STL,LHP,"$860,000",1,"$860,000","$860,000"
"Gonzalez, Victor",NYY,LHP,"$860,000",1,"$860,000","$860,000"
"Ahmed, Nick",SF,SS,"$850,000",1,"$850,000","$850,000"
"McFarland, T.J.",OAK,LHP,"$850,000",1,"$850,000","$850,000"
"Singleton, Jonathan",HOU,1B,"$850,000",1,"$850,000","$850,000"
"Wade, Tyler",SD,3B,"$850,000",1,"$850,000","$850,000"
"Covey, Dylan",PHI,RHP,"$850,000",1,"$850,000","$850,000"
"Stubbs, Garrett",PHI,C,"$850,000",1,"$850,000","$850,000"
"Fleming, Josh",PIT,LHP,"$850,000",1,"$850,000","$850,000"
"Quijada, Jose",LAA,LHP,"$840,000",1,"$840,000","$840,000"
"Ryan, Ryder",PIT,RHP,"$830,000",1,"$830,000","$830,000"
"Antone, Tejay",CIN,RHP,"$830,000",1,"$830,000","$830,000"
"Mize, Casey",DET,RHP,"$830,000",1,"$830,000","$830,000"
"Akin, Keegan",BAL,LHP,"$825,000",1,"$825,000","$825,000"
"Volpe, Anthony",NYY,SS,"$810,100",1,"$810,100","$810,100"
"Adams, Austin",OAK,RHP,"$800,000",1,"$800,000","$800,000"
"Stratton, Hunter",PIT,RHP,"$800,000",1,"$800,000","$800,000"
"Shaw, Bryan",CWS,RHP,"$800,000",1,"$800,000","$800,000"
"Burdi, Nick",NYY,RHP,"$800,000",1,"$800,000","$800,000"
"Pearson, Nate",TOR,RHP,"$800,000",1,"$800,000","$800,000"
"Perkins, Blake",MIL,OF,"$800,000",1,"$800,000","$800,000"
"Crochet, Garrett",CWS,LHP,"$800,000",1,"$800,000","$800,000"
"Kirby, George",SEA,RHP,"$798,600",1,"$798,600","$798,600"
"Garrett, Stone",WSH,OF,"$798,600",1,"$798,600","$798,600"
"Raleigh, Cal",SEA,C,"$795,000",1,"$795,000","$795,000"
"Scott, Tayler",HOU,RHP,"$790,000",1,"$790,000","$790,000"
"Alcala, Jorge",MIN,RHP,"$790,000",1,"$790,000","$790,000"
"Perdomo, Geraldo",ARI,SS,"$786,000",1,"$786,000","$786,000"
"Pena, Jeremy",HOU,SS,"$783,500",1,"$783,500","$783,500"
"Cabrera, Oswaldo",NYY,OF,"$783,000",1,"$783,000","$783,000"
"Manoah, Alek",TOR,RHP,"$782,500",1,"$782,500","$782,500"
"Vieira, Thyago",MIL,RHP,"$777,500",1,"$777,500","$777,500"
"Brown, Hunter",HOU,RHP,"$774,500",1,"$774,500","$774,500"
"Weems, Jordan",WSH,RHP,"$773,500",1,"$773,500","$773,500"
"Reid-Foley, Sean",NYM,RHP,"$772,750",1,"$772,750","$772,750"
"Adell, Jo",LAA,OF,"$770,000",1,"$770,000","$770,000"
"Detmers, Reid",LAA,LHP,"$770,000",1,"$770,000","$770,000"
"Moniak, Mickey",LAA,OF,"$770,000",1,"$770,000","$770,000"
"Thaiss, Matt",LAA,C,"$770,000",1,"$770,000","$770,000"
"Outman, James",LAD,OF,"$770,000",1,"$770,000","$770,000"
"Bart, Joey",SF,C,"$770,000",1,"$770,000","$770,000"
"Doval, Camilo",SF,RHP,"$770,000",1,"$770,000","$770,000"
"Bender, Anthony",MIA,RHP,"$770,000",1,"$770,000","$770,000"
"Houck, Tanner",BOS,RHP,"$770,000",1,"$770,000","$770,000"
"Thomas, Alek",ARI,OF,"$769,500",1,"$769,500","$769,500"
"Diaz, Yainer",HOU,C,"$768,900",1,"$768,900","$768,900"
"Ramirez, Yohan",NYM,RHP,"$768,750",1,"$768,750","$768,750"
"De La Cruz, Bryan",MIA,OF,"$768,000",1,"$768,000","$768,000"
"Stott, Bryson",PHI,2B,"$768,000",1,"$768,000","$768,000"
"France, J.P.",HOU,RHP,"$767,600",1,"$767,600","$767,600"
"Meyers, Jake",HOU,OF,"$767,300",1,"$767,300","$767,300"
"Morel, Christopher",CHC,3B,"$767,000",1,"$767,000","$767,000"
"Contreras, William",MIL,C,"$766,900",1,"$766,900","$766,900"
"Peraza, Oswald",NYY,SS,"$766,600",1,"$766,600","$766,600"
"Marsh, Brandon",PHI,OF,"$766,500",1,"$766,500","$766,500"
"White, Mitch",TOR,RHP,"$766,400",1,"$766,400","$766,400"
"Foley, Jason",DET,RHP,"$766,300",1,"$766,300","$766,300"
"Greene, Riley",DET,OF,"$766,300",1,"$766,300","$766,300"
"Megill, Tylor",NYM,RHP,"$766,250",1,"$766,250","$766,250"
"Ibanez, Andy",DET,INF,"$766,100",1,"$766,100","$766,100"
"McCarthy, Jake",ARI,OF,"$766,000",1,"$766,000","$766,000"
"Vierling, Matt",DET,OF,"$766,000",1,"$766,000","$766,000"
"Torkelson, Spencer",DET,1B,"$765,700",1,"$765,700","$765,700"
"Bielak, Brandon",HOU,RHP,"$765,000",1,"$765,000","$765,000"
"Oviedo, Johan",PIT,RHP,"$765,000",1,"$765,000","$765,000"
"McKinstry, Zach",DET,INF,"$764,400",1,"$764,400","$764,400"
"Nelson, Ryne",ARI,RHP,"$764,300",1,"$764,300","$764,300"
"Garrett, Braxton",MIA,LHP,"$764,000",1,"$764,000","$764,000"
"Reyes, Pablo",BOS,INF,"$764,000",1,"$764,000","$764,000"
"Alvarez, Francisco",NYM,C,"$762,500",1,"$762,500","$762,500"
"Cuas, Jose",CHC,RHP,"$762,000",1,"$762,000","$762,000"
"Ober, Bailey",MIN,RHP,"$761,850",1,"$761,850","$761,850"
"Jax, Griffin",MIN,RHP,"$761,750",1,"$761,750","$761,750"
"Nootbaar, Lars",STL,OF,"$761,000",1,"$761,000","$761,000"
"Cabrera, Edward",MIA,RHP,"$761,000",1,"$761,000","$761,000"
"Brogdon, Connor",PHI,RHP,"$761,000",1,"$761,000","$761,000"
"Carpenter, Kerry",DET,OF,"$761,000",1,"$761,000","$761,000"
"Vest, Will",DET,RHP,"$760,700",1,"$760,700","$760,700"
"Lange, Alex",DET,RHP,"$760,600",1,"$760,600","$760,600"
"Henry, Tommy",ARI,LHP,"$760,500",1,"$760,500","$760,500"
"Pache, Cristian",PHI,OF,"$760,500",1,"$760,500","$760,500"
"Rutschman, Adley",BAL,C,"$760,300",1,"$760,300","$760,300"
"Moreno, Gabriel",ARI,C,"$760,100",1,"$760,100","$760,100"
"O'Hoppe, Logan",LAA,C,"$760,000",1,"$760,000","$760,000"
"Soriano, Jose",LAA,RHP,"$760,000",1,"$760,000","$760,000"
"Kelenic, Jarred",ATL,OF,"$760,000",1,"$760,000","$760,000"
"Lee, Dylan",ATL,LHP,"$760,000",1,"$760,000","$760,000"
"Grove, Michael",LAD,RHP,"$760,000",1,"$760,000","$760,000"
"Burger, Jake",MIA,3B,"$760,000",1,"$760,000","$760,000"
"Casas, Triston",BOS,1B,"$760,000",1,"$760,000","$760,000"
"Crawford, Kutter",BOS,RHP,"$760,000",1,"$760,000","$760,000"
"Dalbec, Bobby",BOS,INF,"$760,000",1,"$760,000","$760,000"
"Duran, Jarren",BOS,OF,"$760,000",1,"$760,000","$760,000"
"Winckowski, Josh",BOS,RHP,"$760,000",1,"$760,000","$760,000"
"Wong, Connor",BOS,C,"$760,000",1,"$760,000","$760,000"
"Diaz, Alexis",CIN,RHP,"$760,000",1,"$760,000","$760,000"
"Gibaut, Ian",CIN,RHP,"$760,000",1,"$760,000","$760,000"
"Lodolo, Nick",CIN,LHP,"$760,000",1,"$760,000","$760,000"
"Moll, Sam",CIN,LHP,"$760,000",1,"$760,000","$760,000"
"Gilbreath, Lucas",COL,LHP,"$760,000",1,"$760,000","$760,000"
"Lambert, Jimmy",CWS,RHP,"$759,250",1,"$759,250","$759,250"
"Fortes, Nick",MIA,C,"$759,000",1,"$759,000","$759,000"
"Ryan, Joe",MIN,RHP,"$758,850",1,"$758,850","$758,850"
"Holton, Tyler",DET,LHP,"$758,300",1,"$758,300","$758,300"
"Isbel, Kyle",KC,OF,"$758,250",1,"$758,250","$758,250"
"Siri, Jose",TB,OF,"$757,800",1,"$757,800","$757,800"
"Clement, Ernie",TOR,2B,"$757,700",1,"$757,700","$757,700"
"Kwan, Steven",CLE,OF,"$757,600",1,"$757,600","$757,600"
"Brash, Matt",SEA,RHP,"$757,600",1,"$757,600","$757,600"
"Gray, Josiah",WSH,RHP,"$757,400",1,"$757,400","$757,400"
"Nelson, Kyle",ARI,LHP,"$757,300",1,"$757,300","$757,300"
"Walls, Taylor",TB,INF,"$757,300",1,"$757,300","$757,300"
"Donovan, Brendan",STL,INF,"$757,200",1,"$757,200","$757,200"
"Massey, Michael",KC,2B,"$757,000",1,"$757,000","$757,000"
"Sheets, Gavin",CWS,INF,"$756,950",1,"$756,950","$756,950"
"Pallante, Andre",STL,RHP,"$756,900",1,"$756,900","$756,900"
"Zavala, Seby",SEA,C,"$756,700",1,"$756,700","$756,700"
"Megill, Trevor",MIL,RHP,"$756,600",1,"$756,600","$756,600"
"Kremer, Dean",BAL,RHP,"$756,600",1,"$756,600","$756,600"
"Henderson, Gunnar",BAL,SS,"$756,200",1,"$756,200","$756,200"
"Jung, Josh",TEX,3B,"$756,000",1,"$756,000","$756,000"
"Lowe, Josh",TB,OF,"$755,700",1,"$755,700","$755,700"
"Gorman, Nolan",STL,2B,"$755,550",1,"$755,550","$755,550"
"Rortvedt, Ben",TB,C,"$755,400",1,"$755,400","$755,400"
"Banks, Tanner",CWS,LHP,"$755,050",1,"$755,050","$755,050"
"Assad, Javier",CHC,RHP,"$755,000",1,"$755,000","$755,000"
"Warren, Austin",SF,RHP,"$755,000",1,"$755,000","$755,000"
"Bae, Ji-hwan",PIT,2B,"$755,000",1,"$755,000","$755,000"
"Contreras, Roansy",PIT,RHP,"$755,000",1,"$755,000","$755,000"
"Cruz, Oneil",PIT,SS,"$755,000",1,"$755,000","$755,000"
"Delay, Jason",PIT,C,"$755,000",1,"$755,000","$755,000"
"Falter, Bailey",PIT,LHP,"$755,000",1,"$755,000","$755,000"
"Hernandez, Jose",PIT,LHP,"$755,000",1,"$755,000","$755,000"
"Holderman, Colin",PIT,RHP,"$755,000",1,"$755,000","$755,000"
"Moreta, Dauri",PIT,RHP,"$755,000",1,"$755,000","$755,000"
"Suwinski, Jack",PIT,OF,"$755,000",1,"$755,000","$755,000"
"Melendez, MJ",KC,OF,"$754,750",1,"$754,750","$754,750"
"Campusano, Luis",SD,C,"$754,700",1,"$754,700","$754,700"
"Bradish, Kyle",BAL,RHP,"$754,500",1,"$754,500","$754,500"
"Duran, Ezequiel",TEX,INF,"$754,500",1,"$754,500","$754,500"
"Pfaadt, Brandon",ARI,RHP,"$754,400",1,"$754,400","$754,400"
"Peguero, Elvis",MIL,RHP,"$754,300",1,"$754,300","$754,300"
"Raley, Luke",SEA,1B,"$754,200",1,"$754,200","$754,200"
"Nardi, Andrew",MIA,LHP,"$754,000",1,"$754,000","$754,000"
"Ragans, Cole",KC,LHP,"$753,750",1,"$753,750","$753,750"
"Martinez, Seth",HOU,RHP,"$753,600",1,"$753,600","$753,600"
"Sanchez, Cristopher",PHI,LHP,"$753,500",1,"$753,500","$753,500"
"Speier, Gabe",SEA,LHP,"$753,300",1,"$753,300","$753,300"
"Saucedo, Tayler",SEA,LHP,"$753,100",1,"$753,100","$753,100"
"Brazoban, Huascar",MIA,RHP,"$753,000",1,"$753,000","$753,000"
"Pasquantino, Vinnie",KC,1B,"$752,750",1,"$752,750","$752,750"
"Miller, Bryce",SEA,RHP,"$752,600",1,"$752,600","$752,600"
"Weathers, Ryan",MIA,LHP,"$752,600",1,"$752,600","$752,600"
"Monasterio, Andruw",MIL,INF,"$752,500",1,"$752,500","$752,500"
"Abrams Jr., CJ",WSH,SS,"$752,400",1,"$752,400","$752,400"
"Cano, Yennier",BAL,RHP,"$752,300",1,"$752,300","$752,300"
"Olson, Reese",DET,RHP,"$752,300",1,"$752,300","$752,300"
"Meneses, Joey",WSH,DH,"$752,000",1,"$752,000","$752,000"
"Wilson, Steven",CWS,RHP,"$751,900",1,"$751,900","$751,900"
"Winder, Josh",MIN,RHP,"$751,850",1,"$751,850","$751,850"
"Caballero, Jose",TB,SS,"$751,700",1,"$751,700","$751,700"
"Marte, Yunior",PHI,RHP,"$751,500",1,"$751,500","$751,500"
"Rucker, Michael",PHI,RHP,"$751,500",1,"$751,500","$751,500"
"Garcia, Maikel",KC,3B,"$751,250",1,"$751,250","$751,250"
"Morgan, Eli",CLE,RHP,"$751,200",1,"$751,200","$751,200"
"Serven, Brian",TOR,C,"$751,000",1,"$751,000","$751,000"
"Adams, Riley",WSH,C,"$750,900",1,"$750,900","$750,900"
"Thompson, Zack",STL,LHP,"$750,850",1,"$750,850","$750,850"
"Hoeing, Bryan",MIA,RHP,"$750,500",1,"$750,500","$750,500"
"Cosgrove, Tom",SD,LHP,"$750,500",1,"$750,500","$750,500"
"Burleson, Alec",STL,OF,"$750,050",1,"$750,050","$750,050"
"Gil, Luis",NYY,RHP,"$750,000",1,"$750,000","$750,000"
"Bachman, Sam",LAA,RHP,"$750,000",1,"$750,000","$750,000"
"Neto, Zach",LAA,SS,"$750,000",1,"$750,000","$750,000"
"Schanuel, Nolan",LAA,1B,"$750,000",1,"$750,000","$750,000"
"Silseth, Chase",LAA,RHP,"$750,000",1,"$750,000","$750,000"
"Stefanic, Michael",LAA,INF,"$750,000",1,"$750,000","$750,000"
"Zuniga, Guillermo",LAA,RHP,"$750,000",1,"$750,000","$750,000"
"Erceg, Lucas",OAK,RHP,"$750,000",1,"$750,000","$750,000"
"Jimenez, Dany",OAK,RHP,"$750,000",1,"$750,000","$750,000"
"Kelly, Michael",OAK,RHP,"$750,000",1,"$750,000","$750,000"
"Rooker, Brent",OAK,OF,"$750,000",1,"$750,000","$750,000"
"Wall, Forrest",ATL,OF,"$750,000",1,"$750,000","$750,000"
"Miller, Bobby",LAD,RHP,"$750,000",1,"$750,000","$750,000"
"Sheehan, Emmet",LAD,RHP,"$750,000",1,"$750,000","$750,000"
"Lively, Ben",CLE,RHP,"$750,000",1,"$750,000","$750,000"
"Santos, Gregory",SEA,RHP,"$750,000",1,"$750,000","$750,000"
"Baty, Brett",NYM,3B,"$750,000",1,"$750,000","$750,000"
"Kranick, Max",NYM,RHP,"$750,000",1,"$750,000","$750,000"
"Marchan, Rafael",PHI,C,"$750,000",1,"$750,000","$750,000"
"Ashcraft, Graham",CIN,RHP,"$750,000",1,"$750,000","$750,000"
"Benson, Will",CIN,OF,"$750,000",1,"$750,000","$750,000"
"Cruz, Fernando",CIN,RHP,"$750,000",1,"$750,000","$750,000"
"Fairchild, Stuart",CIN,OF,"$750,000",1,"$750,000","$750,000"
"Friedl, TJ",CIN,OF,"$750,000",1,"$750,000","$750,000"
"Martini, Nick",CIN,OF,"$750,000",1,"$750,000","$750,000"
"Steer, Spencer",CIN,OF,"$750,000",1,"$750,000","$750,000"
"Mears, Nick",COL,RHP,"$750,000",1,"$750,000","$750,000"
"Foster, Matt",CWS,RHP,"$750,000",1,"$750,000","$750,000"
"Effross, Scott",NYY,RHP,"$750,000",1,"$750,000","$750,000"
"Wells, Austin",NYY,C,"$750,000",1,"$750,000","$750,000"
"Blanco, Ronel",HOU,RHP,"$749,800",1,"$749,800","$749,800"
"Jameson, Drey",ARI,RHP,"$749,700",1,"$749,700","$749,700"
"Parsons, Wes",TOR,RHP,"$749,600",1,"$749,600","$749,600"
"Gore, MacKenzie",WSH,LHP,"$749,600",1,"$749,600","$749,600"
"Smith, Josh",TEX,INF,"$749,500",1,"$749,500","$749,500"
"Abreu, Wilyer",BOS,OF,"$749,500",1,"$749,500","$749,500"
"Sands, Cole",MIN,RHP,"$749,450",1,"$749,450","$749,450"
"Patino, Luis",SD,RHP,"$749,400",1,"$749,400","$749,400"
"Thompson, Mason",WSH,RHP,"$749,200",1,"$749,200","$749,200"
"Woo, Bryan",SEA,RHP,"$749,000",1,"$749,000","$749,000"
"Baumann, Michael",BAL,RHP,"$748,900",1,"$748,900","$748,900"
"Ortega, Oliver",HOU,RHP,"$748,500",1,"$748,500","$748,500"
"Florial, Estevan",CLE,OF,"$748,500",1,"$748,500","$748,500"
"Bradford, Cody",TEX,LHP,"$748,500",1,"$748,500","$748,500"
"Frias, Luis",ARI,RHP,"$748,300",1,"$748,300","$748,300"
"Rodriguez, GTBon",BAL,RHP,"$748,300",1,"$748,300","$748,300"
"Zerpa, Angel",KC,LHP,"$748,250",1,"$748,250","$748,250"
"Turang, Brice",MIL,2B,"$748,200",1,"$748,200","$748,200"
"Francis, Bowden",TOR,RHP,"$748,000",1,"$748,000","$748,000"
"Perez, Eury",MIA,RHP,"$748,000",1,"$748,000","$748,000"
"Bailey, Patrick",SF,C,"$747,500",1,"$747,500","$747,500"
"Beck, Tristan",SF,RHP,"$747,500",1,"$747,500","$747,500"
"Walker, Ryan",SF,RHP,"$747,500",1,"$747,500","$747,500"
"Davis, Henry",PIT,C,"$747,500",1,"$747,500","$747,500"
"Mlodzinski, Carmen",PIT,RHP,"$747,500",1,"$747,500","$747,500"
"Ortiz, Luis",PIT,RHP,"$747,500",1,"$747,500","$747,500"
"Walker, Jordan",STL,OF,"$747,450",1,"$747,450","$747,450"
"Mushinski, Parker",HOU,LHP,"$747,400",1,"$747,400","$747,400"
"Uribe, Abner",MIL,RHP,"$747,400",1,"$747,400","$747,400"
"Snider, Collin",SEA,RHP,"$747,300",1,"$747,300","$747,300"
"Short, Zack",NYM,INF,"$747,300",1,"$747,300","$747,300"
"Scholtens, Jesse",CWS,RHP,"$747,250",1,"$747,250","$747,250"
"Liberatore, Matthew",STL,LHP,"$747,200",1,"$747,200","$747,200"
"Duran, Jhoan",MIN,RHP,"$747,200",1,"$747,200","$747,200"
"Otto, Glenn",SD,RHP,"$747,000",1,"$747,000","$747,000"
"Velazquez, Nelson",KC,OF,"$747,000",1,"$747,000","$747,000"
"Cleavinger, Garrett",TB,LHP,"$746,900",1,"$746,900","$746,900"
"Meadows, Parker",DET,OF,"$746,900",1,"$746,900","$746,900"
"Julien, Edouard",MIN,2B,"$746,750",1,"$746,750","$746,750"
"Wentz, Joey",DET,LHP,"$746,700",1,"$746,700","$746,700"
"Avila, Pedro",SD,RHP,"$746,600",1,"$746,600","$746,600"
"Faedo, Alex",DET,RHP,"$746,600",1,"$746,600","$746,600"
"Frelick, Sal",MIL,OF,"$746,500",1,"$746,500","$746,500"
"Amaya, Miguel",CHC,C,"$746,500",1,"$746,500","$746,500"
"Mastrobuoni, Miles",CHC,INF,"$746,000",1,"$746,000","$746,000"
"Soriano, George",MIA,RHP,"$746,000",1,"$746,000","$746,000"
"Brito, Jhony",SD,RHP,"$746,000",1,"$746,000","$746,000"
"Marcano, Tucupita",SD,SS,"$746,000",1,"$746,000","$746,000"
"Campbell, Isaiah",BOS,RHP,"$746,000",1,"$746,000","$746,000"
"Brujan, Vidal",MIA,OF,"$745,800",1,"$745,800","$745,800"
"Westburg, Jordan",BAL,2B,"$745,800",1,"$745,800","$745,800"
"Dominguez, Jasson",NYY,OF,"$745,800",1,"$745,800","$745,800"
"McArthur, James",KC,RHP,"$745,750",1,"$745,750","$745,750"
"Bibee, Tanner",CLE,RHP,"$745,700",1,"$745,700","$745,700"
"Azocar, Jose",SD,OF,"$745,700",1,"$745,700","$745,700"
"Lewis, Royce",MIN,3B,"$745,700",1,"$745,700","$745,700"
"Irvin, Jake",WSH,RHP,"$745,600",1,"$745,600","$745,600"
"Wallner, Matt",MIN,OF,"$745,550",1,"$745,550","$745,550"
"Varland, Louie",MIN,RHP,"$745,400",1,"$745,400","$745,400"
"Palacios, Richie",TB,OF,"$745,200",1,"$745,200","$745,200"
"Pinto, Rene",TB,C,"$745,100",1,"$745,100","$745,100"
"Bride, Jonah",MIA,INF,"$745,000",1,"$745,000","$745,000"
"Trejo, Alan",COL,2B,"$745,000",1,"$745,000","$745,000"
"Allen, Nick",OAK,SS,"$745,000",1,"$745,000","$745,000"
"Bleday, JJ",OAK,OF,"$745,000",1,"$745,000","$745,000"
"Langeliers, Shea",OAK,C,"$745,000",1,"$745,000","$745,000"
"Noda, Ryan",OAK,1B,"$745,000",1,"$745,000","$745,000"
"Ruiz, Esteury",OAK,OF,"$745,000",1,"$745,000","$745,000"
"Sears, J.P.",OAK,LHP,"$745,000",1,"$745,000","$745,000"
"Tarnok, Freddy",OAK,RHP,"$745,000",1,"$745,000","$745,000"
"Waldichuk, Ken",OAK,LHP,"$745,000",1,"$745,000","$745,000"
"Rojas, Johan",PHI,OF,"$745,000",1,"$745,000","$745,000"
"Rodriguez, Endy",PIT,C,"$745,000",1,"$745,000","$745,000"
"Triolo, Jared",PIT,2B,"$745,000",1,"$745,000","$745,000"
"Williams, Alika",PIT,INF,"$745,000",1,"$745,000","$745,000"
"Carter, Evan",TEX,OF,"$745,000",1,"$745,000","$745,000"
"Bird, Jake",COL,RHP,"$745,000",1,"$745,000","$745,000"
"Feltner, Ryan",COL,RHP,"$745,000",1,"$745,000","$745,000"
"Jones, Nolan",COL,OF,"$745,000",1,"$745,000","$745,000"
"Lawrence, Justin",COL,RHP,"$745,000",1,"$745,000","$745,000"
"Montero, Elehuris",COL,1B,"$745,000",1,"$745,000","$745,000"
"Schneider, Davis",TOR,INF,"$744,900",1,"$744,900","$744,900"
"Brennan, Will",CLE,OF,"$744,900",1,"$744,900","$744,900"
"Pepiot, Ryan",TB,RHP,"$744,900",1,"$744,900","$744,900"
"Marsh, Alec",KC,RHP,"$744,750",1,"$744,750","$744,750"
"Weiss, Zack",MIN,RHP,"$744,550",1,"$744,550","$744,550"
"Fermin, Freddy",KC,C,"$744,500",1,"$744,500","$744,500"
"Curry, Xzavion",CLE,RHP,"$744,400",1,"$744,400","$744,400"
"Rosario, Eguy",SD,INF,"$744,400",1,"$744,400","$744,400"
"Mitchell, Garrett",MIL,OF,"$744,300",1,"$744,300","$744,300"
"Allen, Logan",CLE,LHP,"$744,300",1,"$744,300","$744,300"
"Hall, DL",MIL,LHP,"$744,200",1,"$744,200","$744,200"
"Arias, Gabriel",CLE,INF,"$744,100",1,"$744,100","$744,100"
"Ortiz, Luis",PHI,RHP,"$744,000",1,"$744,000","$744,000"
"Harrison, Kyle",SF,LHP,"$743,750",1,"$743,750","$743,750"
"Hjelle, Sean",SF,RHP,"$743,750",1,"$743,750","$743,750"
"Winn, Keaton",SF,RHP,"$743,750",1,"$743,750","$743,750"
"Blanco, Dairon",KC,OF,"$743,750",1,"$743,750","$743,750"
"Canzone, Dominic",SEA,OF,"$743,700",1,"$743,700","$743,700"
"Jarvis, Bryce",ARI,RHP,"$743,600",1,"$743,600","$743,600"
"Baz, Shane",TB,RHP,"$743,600",1,"$743,600","$743,600"
"Gipson-Long, Sawyer",DET,RHP,"$743,600",1,"$743,600","$743,600"
"Mauricio, Ronny",NYM,INF,"$743,500",1,"$743,500","$743,500"
"Murphy, Chris",BOS,LHP,"$743,500",1,"$743,500","$743,500"
"Rafaela, Ceddanne",BOS,OF,"$743,500",1,"$743,500","$743,500"
"Valdez, Enmanuel",BOS,2B,"$743,500",1,"$743,500","$743,500"
"Weissert, Greg",BOS,RHP,"$743,500",1,"$743,500","$743,500"
"Bradley, Taj",TB,RHP,"$743,300",1,"$743,300","$743,300"
"Moore, McKinley",NYY,RHP,"$743,250",1,"$743,250","$743,250"
"Herrera, Ivan",STL,C,"$743,150",1,"$743,150","$743,150"
"Meyer, Max",MIA,RHP,"$743,000",1,"$743,000","$743,000"
"Kowar, Jackson",SEA,RHP,"$743,000",1,"$743,000","$743,000"
"Edwards, Xavier",MIA,2B,"$743,000",1,"$743,000","$743,000"
"Ferrer, Jose",WSH,LHP,"$743,000",1,"$743,000","$743,000"
"Rodriguez, Yerry",TEX,RHP,"$743,000",1,"$743,000","$743,000"
"Fletcher, Dominic",CWS,OF,"$742,900",1,"$742,900","$742,900"
"Garcia, Robert",WSH,LHP,"$742,800",1,"$742,800","$742,800"
"Cowser, Colton",BAL,OF,"$742,800",1,"$742,800","$742,800"
"Aranda, Jonathan",TB,INF,"$742,800",1,"$742,800","$742,800"
"Vespi, Nick",BAL,LHP,"$742,700",1,"$742,700","$742,700"
"Thompson, Bubba",CIN,OF,"$742,500",1,"$742,500","$742,500"
"Hurt, Kyle",LAD,RHP,"$742,500",1,"$742,500","$742,500"
"Stone, Gavin",LAD,RHP,"$742,500",1,"$742,500","$742,500"
"Kerkering, Orion",PHI,RHP,"$742,500",1,"$742,500","$742,500"
"Abbott, Andrew",CIN,LHP,"$742,500",1,"$742,500","$742,500"
"De La Cruz, Elly",CIN,SS,"$742,500",1,"$742,500","$742,500"
"McLain, Matt",CIN,2B,"$742,500",1,"$742,500","$742,500"
"Williamson, Brandon",CIN,LHP,"$742,500",1,"$742,500","$742,500"
"DeLuca, Jonny",TB,OF,"$742,400",1,"$742,400","$742,400"
"Sousa, Bennett",HOU,LHP,"$742,300",1,"$742,300","$742,300"
"Mead, Curtis",TB,INF,"$742,300",1,"$742,300","$742,300"
"Winn, Masyn",STL,SS,"$742,250",1,"$742,250","$742,250"
"Rom, Drew",STL,LHP,"$742,200",1,"$742,200","$742,200"
"Kessinger, Grae",HOU,INF,"$742,100",1,"$742,100","$742,100"
"Naylor, Bo",CLE,C,"$742,100",1,"$742,100","$742,100"
"Williams, Gavin",CLE,RHP,"$742,100",1,"$742,100","$742,100"
"Freeman, Tyler",CLE,OF,"$742,000",1,"$742,000","$742,000"
"Cronin, Declan",MIA,RHP,"$742,000",1,"$742,000","$742,000"
"Sanchez, Sixto",MIA,RHP,"$742,000",1,"$742,000","$742,000"
"Grissom, Vaughn",BOS,2B,"$742,000",1,"$742,000","$742,000"
"Doyle, Brenton",COL,OF,"$742,000",1,"$742,000","$742,000"
"Toglia, Michael",COL,1B,"$742,000",1,"$742,000","$742,000"
"Vodnik, Victor",COL,RHP,"$742,000",1,"$742,000","$742,000"
"Loftin, Nick",KC,INF,"$741,900",1,"$741,900","$741,900"
"Fitzgerald, Tyler",SF,INF,"$741,875",1,"$741,875","$741,875"
"Lee, Korey",CWS,C,"$741,850",1,"$741,850","$741,850"
"Waldron, Matt",SD,RHP,"$741,800",1,"$741,800","$741,800"
"Hudson, Bryan",MIL,LHP,"$741,700",1,"$741,700","$741,700"
"Siani, Mike",STL,OF,"$741,650",1,"$741,650","$741,650"
"Dubin, Shawn",HOU,RHP,"$741,600",1,"$741,600","$741,600"
"Ortiz, Joey",MIL,INF,"$741,500",1,"$741,500","$741,500"
"Busch, Michael",CHC,DH,"$741,500",1,"$741,500","$741,500"
"Wicks, Jordan",CHC,LHP,"$741,500",1,"$741,500","$741,500"
"Small, Ethan",SF,LHP,"$741,300",1,"$741,300","$741,300"
"Hancock, Emerson",SEA,RHP,"$741,300",1,"$741,300","$741,300"
"Jones, Jahmai",NYY,INF,"$741,200",1,"$741,200","$741,200"
"Fry, David",CLE,C,"$741,100",1,"$741,100","$741,100"
"Bolton, Cody",SEA,RHP,"$741,100",1,"$741,100","$741,100"
"Latz, Jacob",TEX,LHP,"$741,000",1,"$741,000","$741,000"
"Herrin, Tim",CLE,LHP,"$740,800",1,"$740,800","$740,800"
"Gaddis, Hunter",CLE,RHP,"$740,700",1,"$740,700","$740,700"
"Garcia, Deivi",CWS,RHP,"$740,550",1,"$740,550","$740,550"
"Kilian, Caleb",CHC,RHP,"$740,500",1,"$740,500","$740,500"
"Little, Luke",CHC,LHP,"$740,500",1,"$740,500","$740,500"
"Simpson, Josh",MIA,LHP,"$740,500",1,"$740,500","$740,500"
"O'Brien, Riley",STL,RHP,"$740,450",1,"$740,450","$740,450"
"Berroa, Prelander",CWS,RHP,"$740,350",1,"$740,350","$740,350"
"Shewmake, Braden",CWS,SS,"$740,350",1,"$740,350","$740,350"
"Rocchio, Brayan",CLE,SS,"$740,200",1,"$740,200","$740,200"
"Cavalli, Cade",WSH,RHP,"$740,200",1,"$740,200","$740,200"
"Miller, Erik",SF,LHP,"$740,000",1,"$740,000","$740,000"
"McCann, Kyle",OAK,C,"$740,000",1,"$740,000","$740,000"
"Roupp, Landen",SF,RHP,"$740,000",1,"$740,000","$740,000"
"Duarte, Daniel",MIN,RHP,"$740,000",1,"$740,000","$740,000"
"Murphy, Penn",HOU,RHP,"$740,000",1,"$740,000","$740,000"
"Chavez, Jesse",ATL,RHP,"$740,000",1,"$740,000","$740,000"
"Dunn, Oliver",MIL,INF,"$740,000",1,"$740,000","$740,000"
"Barnhart, Tucker",ARI,C,"$740,000",1,"$740,000","$740,000"
"Jones, Jared",PIT,RHP,"$740,000",1,"$740,000","$740,000"
"Langford, Wyatt",TEX,OF,"$740,000",1,"$740,000","$740,000"
"Shenton, Austin",TB,3B,"$740,000",1,"$740,000","$740,000"
"Marte, Noelvi",CIN,3B,"$740,000",1,"$740,000","$740,000"
"Leasure, Jordan",CWS,RHP,"$740,000",1,"$740,000","$740,000"
"Boyle, Joe",OAK,RHP,"$740,000",1,"$740,000","$740,000"
"Butler, Lawrence",OAK,OF,"$740,000",1,"$740,000","$740,000"
"Gelof, Zack",OAK,2B,"$740,000",1,"$740,000","$740,000"
"Hernaiz, Darell",OAK,INF,"$740,000",1,"$740,000","$740,000"
"Medina, Luis",OAK,RHP,"$740,000",1,"$740,000","$740,000"
"Miller, Mason",OAK,RHP,"$740,000",1,"$740,000","$740,000"
"Muller, Kyle",OAK,LHP,"$740,000",1,"$740,000","$740,000"
"Spence, Mitch",OAK,RHP,"$740,000",1,"$740,000","$740,000"
"Perdomo, Angel",ATL,LHP,"$740,000",1,"$740,000","$740,000"
"Fernandez, Ryan",STL,RHP,"$740,000",1,"$740,000","$740,000"
"Scott II, Victor",STL,OF,"$740,000",1,"$740,000","$740,000"
"Alexander, Blaze",ARI,INF,"$740,000",1,"$740,000","$740,000"
"Martinez, Angel",CLE,INF,"$740,000",1,"$740,000","$740,000"
"Smith, Cade",CLE,RHP,"$740,000",1,"$740,000","$740,000"
"Nunez, Nasim",WSH,SS,"$740,000",1,"$740,000","$740,000"
"Kolek, Stephen",SD,RHP,"$740,000",1,"$740,000","$740,000"
"Merrill, Jackson",SD,OF,"$740,000",1,"$740,000","$740,000"
"Pauley, Graham",SD,3B,"$740,000",1,"$740,000","$740,000"
"Coleman, Carson",TEX,RHP,"$740,000",1,"$740,000","$740,000"
"Mata, Bryan",BOS,RHP,"$740,000",1,"$740,000","$740,000"
"Slaten, Justin",BOS,RHP,"$740,000",1,"$740,000","$740,000"
"Encarnacion-Strand, Christian",CIN,1B,"$740,000",1,"$740,000","$740,000"
"Molina, Anthony",COL,RHP,"$740,000",1,"$740,000","$740,000"
"Sauer, Matt",KC,RHP,"$740,000",1,"$740,000","$740,000"
"Funderburk, Kody",MIN,LHP,"$740,000",1,"$740,000","$740,000"
"Drohan, Shane",CWS,LHP,"$740,000",1,"$740,000","$740,000"
"Beeter, Clayton",NYY,RHP,"$740,000",1,"$740,000","$740,000"